"V1","V2","V3","V4","V5"
1,112,239,0,0
2,19,76,0,0
3,50,0,0,0
4,91,0,0,0
5,200,210,0,0
6,72,0,0,0
7,250,34,174,0
8,49,0,0,0
9,129,105,0,0
10,98,70,0,0
11,146,74,0,0
12,44,0,0,0
13,124,167,60,135
14,58,116,261,0
15,0,0,0,0
16,157,209,0,0
17,247,258,0,0
18,190,199,0,0
20,107,153,0,0
21,172,45,134,0
22,52,0,0,0
23,128,113,201,0
24,62,87,203,0
25,136,88,0,0
26,84,0,0,0
27,77,109,120,0
28,32,262,0,0
29,193,259,53,57
30,186,0,0,0
31,198,37,205,0
33,148,164,0,0
35,114,0,0,0
36,83,237,139,230
38,233,69,0,0
39,220,119,191,0
40,46,55,182,0
41,156,225,0,0
42,145,0,0,0
43,255,115,231,0
47,122,252,0,0
48,99,142,0,0
51,249,0,0,0
54,103,236,0,0
56,158,229,0,0
59,66,160,0,0
61,194,0,0,0
63,79,127,131,0
64,179,192,0,0
65,253,0,0,0
67,168,0,0,0
68,207,0,0,0
71,162,81,132,0
73,175,0,0,0
75,118,0,0,0
78,94,0,0,0
80,111,0,0,0
82,245,0,0,0
85,243,0,0,0
86,248,170,254,0
89,92,0,0,0
90,256,0,0,0
93,161,0,0,0
95,138,0,0,0
96,154,0,0,0
97,196,0,0,0
100,108,169,177,0
101,216,0,0,0
102,165,0,0,0
104,212,144,178,0
106,235,163,0,0
110,187,173,218,0
117,204,0,0,0
121,130,232,234,0
123,251,181,185,0
125,224,176,180,0
126,143,0,0,0
133,211,208,226,0
137,202,240,0,0
140,151,241,0,0
141,149,0,0,0
147,195,244,260,0
150,159,215,0,0
152,228,0,0,0
155,221,238,0,0
166,214,0,0,0
171,206,227,0,0
183,213,257,0,0
184,197,219,0,0
188,242,0,0,0
189,222,0,0,0
217,223,246,0,0
