"SBS1","SBS2","SBS3","SBS4","SBS5","SBS6","SBS7a","SBS7b","SBS7c","SBS7d","SBS8","SBS9","SBS10a","SBS10b","SBS11","SBS12","SBS13","SBS14","SBS15","SBS16","SBS17a","SBS17b","SBS18","SBS19","SBS20","SBS21","SBS22","SBS23","SBS24","SBS25","SBS26","SBS27","SBS28","SBS29","SBS30","SBS31","SBS32","SBS33","SBS34","SBS35","SBS36","SBS37","SBS38","SBS39","SBS40","SBS41","SBS42","SBS43","SBS44","SBS45","SBS46","SBS47","SBS48","SBS49","SBS50","SBS51","SBS52","SBS53","SBS54","SBS55","SBS56","SBS57","SBS58","SBS59","SBS60","SBS84","SBS85","error term"
0.0960924691504517,0.0941915313520689,0,0,0,0,0,0,0,0,0,0,0,0.0869221836234968,0,0,0,0,0,0,0,0,0,0,0,0,0,0,0.105719251866052,0,0,0,0,0,0.118202456607614,0,0,0,0,0.189867597876254,0,0,0,0.0814064968716049,0,0,0,0,0,0,0,0,0,0,0,0,0,0,0,0,0,0,0,0,0,0,0,0.227598012652458
0,0,0,0,0,0,0,0,0,0,0,0.0909549035319991,0,0,0,0,0,0,0,0,0,0,0,0,0,0,0,0,0.18787366550021,0,0,0,0,0,0,0,0,0,0,0.185284767497233,0,0,0,0.139754669946692,0,0,0,0,0.115234781761085,0,0,0,0,0,0,0,0,0,0,0,0,0,0,0,0,0,0,0.280897211762781
0,0,0,0,0,0,0,0,0,0,0,0,0,0,0,0,0.064541835806072,0,0,0,0,0,0,0,0,0,0,0,0,0,0,0,0,0.112695035257836,0,0,0,0,0,0.215505022141758,0,0,0,0.134733946132523,0,0,0,0,0,0,0,0,0,0,0,0,0,0,0,0,0,0,0.219505485312114,0,0,0,0,0.253018675349697
0,0,0,0,0,0,0,0,0.07519580937114,0,0.188503041692079,0,0,0,0,0,0.0768813179401511,0,0,0,0,0,0.125349275901718,0,0,0,0,0,0,0.107965267775673,0,0,0,0,0,0,0.0627679079479347,0,0,0,0.085421352879158,0,0,0.0670664871660484,0,0,0,0,0,0,0,0,0,0,0,0,0,0,0,0,0,0,0,0,0,0,0,0.210849539326098
0,0,0,0,0,0,0,0,0,0,0,0,0,0,0,0.121252244766149,0,0,0.15671772858793,0,0,0,0,0,0,0,0,0,0.0675370561783586,0,0,0.110293310064102,0,0,0,0,0,0,0,0.0940170816394593,0,0,0,0.0922305673614594,0,0,0,0,0,0,0,0,0,0,0,0.0892700339479804,0,0,0,0,0,0,0,0,0,0,0,0.268681977454562
0,0,0,0,0,0.122774108352581,0,0,0,0,0.238595176961104,0,0,0,0,0,0,0,0,0,0,0,0,0,0,0,0,0,0,0,0,0,0,0.0689242785775965,0,0,0,0,0,0,0,0.144232617922869,0,0,0,0,0,0,0,0,0,0,0,0,0.107032714635349,0,0,0,0,0,0,0.144193660904397,0,0,0,0,0,0.174247442646105
0,0,0,0,0,0,0.168496124278067,0,0,0,0.291196724179256,0,0,0,0,0,0,0,0,0,0,0,0,0,0,0,0.0826862193559887,0,0,0,0,0,0,0,0.0767907356730243,0,0,0,0,0,0,0,0,0.127268576494867,0,0,0,0,0,0,0,0,0,0,0,0,0,0,0,0,0,0,0,0,0,0,0,0.253561620018797
0,0,0,0.162856650046703,0,0,0,0,0,0.120231276752041,0,0,0,0,0,0,0.129832360846463,0,0,0.073324076853606,0,0,0,0.113581858037087,0,0,0,0,0,0.185490075813768,0,0,0,0,0,0,0,0,0,0,0,0,0,0,0,0,0,0,0,0,0,0,0,0,0,0.0709527272464321,0,0,0,0,0,0,0,0,0,0,0,0.143730974403899
0,0,0,0,0,0,0,0,0,0,0,0,0,0,0.110332845188788,0,0.0847471962572913,0,0,0,0,0,0.142895215988451,0,0,0,0,0,0,0,0,0,0,0,0,0,0,0,0,0.191937003737321,0,0,0,0.149910751030293,0,0,0,0,0,0,0,0,0,0,0,0,0,0.0695989597752978,0,0,0,0,0.0845052618885072,0,0,0,0,0.166072766134051
0,0,0,0,0,0,0,0,0.130314015756091,0,0,0,0,0,0,0,0,0,0.0841246069803137,0,0.0622654715592182,0,0,0,0,0,0,0,0,0,0,0.162382889513634,0,0,0,0,0,0,0,0,0,0,0,0.077947314111235,0.0937644576847953,0,0,0,0,0,0,0,0,0,0.0628634900428431,0,0,0,0,0,0,0,0,0,0,0,0,0.326337754351869
0,0.166042704494725,0,0,0,0,0,0,0,0,0.398310419205993,0,0,0,0,0,0,0,0,0,0,0,0,0,0.0952608870341893,0,0,0,0,0,0,0,0,0,0,0,0,0,0,0,0,0,0,0.0874420541810254,0,0,0,0,0,0,0,0,0,0,0,0,0,0,0,0,0,0,0,0,0,0,0,0.252943935084068
0,0,0,0,0,0,0,0,0,0,0,0,0,0,0,0,0.263026364418769,0,0,0,0,0,0,0,0,0,0,0,0,0,0,0,0,0,0,0.0798904273648162,0,0,0,0.0949962773097714,0,0.0739460578051975,0,0,0,0,0,0,0,0,0,0,0,0,0.215775263023728,0,0,0,0,0,0,0,0,0.0665634306699411,0,0,0,0.205802179407776
0,0,0,0,0,0,0,0,0.100364484973602,0,0.217354113907022,0,0,0,0,0,0,0,0.0653054991542706,0,0,0,0,0,0,0,0,0,0,0,0,0,0,0,0,0,0,0,0,0.114862027015352,0,0,0,0,0.193925244186719,0,0,0,0,0,0,0,0,0,0,0,0,0,0,0,0,0,0,0,0,0,0,0.308188630763034
0,0,0,0,0.442563549654741,0,0,0,0,0,0,0,0,0,0,0,0,0,0,0.0773713445900328,0,0,0,0,0,0,0,0,0,0.116837073022618,0,0,0,0.0967886092252168,0,0,0,0,0,0,0,0,0,0,0,0,0,0,0.0700739180113648,0,0,0,0,0,0,0,0,0,0,0,0,0,0,0,0,0,0,0.196365505496027
0,0.105955572441027,0,0,0,0,0,0,0,0,0,0,0,0,0,0,0.168983123205183,0,0,0,0,0,0,0.0773483950988035,0,0,0,0,0.105854355783447,0,0,0,0,0,0,0,0,0,0,0.169325021725218,0,0,0,0,0,0,0,0,0,0,0.089548768334393,0,0,0,0.0802886951527605,0,0,0,0,0,0,0,0,0,0,0,0,0.202696068259167
0,0,0,0,0,0,0,0,0,0,0.170242546263458,0,0,0,0,0,0.0711428842343229,0,0,0,0,0,0,0,0,0,0,0,0,0,0,0,0,0,0,0,0,0,0,0.120797888501615,0.101148804138062,0,0,0,0,0,0,0,0,0,0,0,0,0,0,0,0,0,0,0,0,0,0,0,0,0,0.103736678705181,0.432931198157362
0,0,0,0,0,0,0,0,0,0,0,0,0,0,0,0,0.0673094513926924,0,0,0,0,0,0,0.106127052955878,0,0,0,0,0.165415023892986,0,0,0,0,0.0639107624135175,0,0,0,0,0,0,0,0,0,0.368613101041932,0,0,0,0,0,0,0,0,0,0,0,0,0,0,0,0,0,0,0,0,0,0,0,0.228624608302994
0,0.0678450274738439,0.410207313110538,0,0,0,0,0,0,0,0.132975742608846,0,0,0,0,0,0,0,0,0,0,0,0,0,0,0,0.0614129471433057,0,0,0,0,0,0,0,0,0,0,0,0,0,0,0,0,0,0,0,0,0,0,0,0,0,0,0,0,0,0,0,0,0,0,0,0,0,0,0,0,0.327558969663466
0,0,0,0,0,0,0.0846079546198899,0,0,0,0,0,0,0,0,0,0.108893698353463,0,0,0,0,0,0,0,0,0,0,0,0,0,0,0,0,0,0,0,0.0966020312035978,0,0.0853377294118312,0.116980600892927,0,0,0,0,0,0,0,0,0.13399202613063,0,0,0,0,0,0,0,0,0,0,0,0,0,0.0903388401616747,0,0,0,0,0.283247119225986
0,0,0,0,0,0,0,0,0,0,0.163693806514627,0,0,0,0,0,0.189773118997764,0.104812273824101,0,0,0,0,0,0,0,0,0,0,0.0766661596769161,0,0,0,0,0,0,0,0,0,0,0.0757180153100648,0,0,0,0.0867876993095201,0,0.111437059087081,0.0688573163316826,0,0,0,0,0,0,0,0,0,0,0,0,0,0,0,0,0,0,0,0,0.122254550948243
0,0,0,0,0,0.102887540095359,0,0,0,0,0,0,0,0,0,0,0,0,0,0.117201130176211,0,0,0,0.10283966030264,0,0.0953675771277495,0,0,0,0,0,0,0,0,0,0,0,0,0,0,0.143400376391512,0,0,0,0,0,0,0,0,0,0,0,0,0,0,0,0.072394790335006,0,0,0,0,0,0,0,0,0.0644975857259376,0,0.301411339845585
0,0,0,0,0,0,0,0,0,0,0.148061757418738,0,0.0679067938130979,0,0,0,0.0709000563794226,0,0,0.0635188984063274,0,0,0,0,0.0677384427038919,0,0,0,0,0,0,0,0,0,0,0,0,0,0,0.0865558719391543,0,0,0,0.0705348224940187,0,0,0,0,0,0,0,0,0,0,0,0,0,0,0,0,0,0,0,0,0,0,0,0.424783356845349
0,0,0,0,0,0.0621335609357664,0,0,0,0,0.147917610990951,0,0,0,0,0,0,0,0,0,0,0,0,0.0723120482667232,0,0,0,0,0,0,0,0,0,0,0,0,0,0,0,0.0838043340661472,0,0,0,0,0.28454043342213,0.0840864104830066,0,0,0,0,0,0,0,0,0,0,0.0658457421443847,0.0761131836124728,0,0,0,0,0,0,0,0,0,0.123246676078418
0,0,0,0,0,0,0,0,0,0,0,0,0,0,0,0,0,0,0,0,0,0,0,0,0,0,0,0.0835709938019275,0.130245529802649,0,0,0,0,0,0,0,0.100346605520726,0,0,0,0,0,0,0,0,0,0,0,0,0,0,0,0,0,0,0,0,0,0,0,0,0,0.258051616823582,0,0,0,0,0.427785254051115
0,0,0,0,0,0,0,0,0,0.0716214434192921,0.0807434780547672,0,0,0,0,0,0,0,0,0,0,0,0,0,0,0,0.163883823925233,0,0,0.222188721478328,0,0,0,0,0,0,0,0,0,0,0,0,0,0,0,0,0,0,0,0,0,0,0,0,0.141843290263285,0,0,0.141075010166529,0,0,0,0,0,0,0,0.100385877565157,0,0.0782583551274086
0,0,0,0,0,0,0,0,0.101154919512476,0,0.220503261981575,0,0,0,0,0,0.11972681404341,0,0,0,0,0,0,0,0,0,0,0,0,0.133768882656923,0,0,0,0,0,0,0,0,0,0.0760966018467992,0,0,0,0,0,0,0,0,0,0,0,0,0,0,0,0,0,0,0,0,0,0,0,0,0,0,0,0.348749519958818
0,0,0.155628363325183,0,0,0,0,0,0,0,0,0,0,0,0,0,0,0,0.132839598384318,0,0,0,0,0,0,0,0,0,0.150582080810532,0,0,0,0,0,0,0,0,0,0,0.129666707072222,0,0,0,0,0,0,0,0,0,0,0,0,0,0,0.0946613585751619,0,0,0,0,0,0,0,0,0,0,0.0908726513838481,0,0.245749240448736
0,0,0,0,0,0,0,0,0,0,0.235440495213981,0,0,0,0,0,0.0652528948806952,0,0,0,0,0,0,0,0,0,0,0,0.0670231668316994,0,0,0.0866561692078159,0,0,0,0,0.10473209868833,0,0,0,0,0,0,0.0651882458116574,0.0946614856735573,0,0,0,0,0,0,0,0,0,0,0,0,0,0,0,0,0.0643929867194575,0,0,0,0,0,0.216652456972806
0,0,0,0,0,0,0,0,0,0,0,0,0,0,0,0,0,0,0,0,0.172930655965477,0,0,0,0,0,0,0,0,0,0,0,0,0,0,0,0,0,0,0,0,0,0,0,0,0,0,0,0,0,0,0,0,0,0.170136120497067,0,0,0,0,0,0,0,0.362048250554595,0.124115382334608,0,0,0,0.170769590648252
0,0,0.0817746819951833,0,0,0,0,0,0.0765258589535098,0.089374373073199,0.201553528031524,0,0,0,0,0,0.137161925184972,0,0,0,0,0,0,0,0,0,0,0,0,0,0,0,0,0,0,0,0,0,0,0,0,0,0,0.126972159219735,0,0,0,0,0,0,0,0,0,0,0,0,0,0,0,0,0,0,0,0,0,0,0,0.286637473541877
0,0,0,0,0,0,0.0609976575243683,0,0,0,0.294702277761926,0,0,0,0,0,0,0.11455824564286,0,0,0,0,0,0,0,0,0,0,0,0,0,0,0,0,0,0,0,0,0,0.185826200481553,0,0,0,0.140699822357273,0,0,0,0,0,0,0,0,0,0,0,0,0,0,0,0,0,0,0.0721544143768681,0,0,0,0,0.131061381855151
0,0,0,0,0,0.06399110867987,0,0,0,0,0.241771390080325,0,0,0,0,0,0,0,0,0,0,0,0,0,0,0,0,0,0,0,0,0,0,0,0.111045223539118,0,0,0,0,0,0,0,0,0,0.193972624532402,0,0,0,0,0,0,0,0,0,0,0.23491796354874,0,0,0,0,0,0,0,0,0,0,0,0.154301689619544
0,0,0,0,0,0,0,0,0,0,0,0,0,0,0,0,0,0,0,0,0.0646913764836944,0,0,0,0,0,0,0,0,0.127581197401336,0,0,0,0.108445468986946,0,0,0,0,0,0.0747845804962143,0,0,0,0.14336014806416,0,0,0,0,0,0,0,0,0,0,0,0,0,0,0,0,0,0,0,0,0,0.118204527889839,0,0.362932700677811
0,0,0,0,0,0,0,0,0,0,0,0,0,0,0,0,0,0,0,0.101859434896889,0,0,0,0,0,0,0.10312329448324,0,0.210315789178386,0,0,0,0,0,0,0,0,0,0,0.134270223344383,0,0,0,0,0,0,0,0,0,0,0.0748902372196565,0,0,0,0,0,0.0642895762074085,0,0,0,0,0,0,0,0,0,0,0.311251444670037
0,0,0,0,0,0,0,0,0.125023756596147,0,0.172533919495874,0,0,0,0,0,0.0832515973359903,0,0.0825611883048418,0,0,0,0,0.150885108926963,0,0,0,0,0,0,0,0,0,0,0,0,0,0,0,0,0,0,0,0,0,0,0,0,0,0,0,0,0,0,0.0934750263030192,0,0,0,0,0,0,0,0,0,0,0,0,0.292269403037164
0,0,0,0,0,0,0,0,0,0,0,0,0,0,0,0,0.0708053904044057,0,0,0,0,0,0,0,0,0,0.0901018215713194,0,0,0,0,0,0,0.277393999932328,0,0.154083728656781,0,0,0,0,0,0,0,0.0711089196398292,0,0,0,0,0,0,0,0,0,0,0.083978242427642,0,0,0,0,0,0,0,0,0,0,0,0,0.252527897367694
0,0.0612876883749977,0,0,0,0,0,0,0,0,0,0,0,0,0,0.0768834221994778,0,0,0,0,0,0,0,0,0,0,0,0,0.17881308708398,0,0,0,0,0,0,0,0.074609584628,0,0,0.262005053435829,0,0,0,0.0947204730612651,0,0,0,0,0,0,0,0,0,0,0,0.0671298225282534,0,0,0,0,0,0,0,0,0,0,0,0.184550868688197
0,0,0,0,0,0,0,0,0.205220763452114,0,0,0,0,0,0,0,0,0,0,0,0,0,0,0.10464202277376,0,0,0.0911615505929971,0,0,0.196166630248699,0,0,0,0,0.199869858491252,0,0,0,0,0.0875686163572471,0,0,0,0,0,0,0,0,0,0,0,0,0,0,0,0,0,0,0,0,0,0,0,0,0,0,0,0.115370558083932
0,0,0,0,0,0,0,0,0,0,0.233931025570998,0,0,0,0,0,0,0,0,0,0,0,0,0,0,0,0,0,0,0,0,0,0,0,0,0,0,0,0,0,0,0,0,0,0,0,0,0,0,0,0,0,0,0,0.333552412402057,0,0,0,0,0,0,0,0,0,0,0.202123739224108,0,0.230392822802837
0,0,0,0,0,0,0,0,0,0,0.143359971977173,0,0,0,0,0,0,0,0,0.238255019549695,0,0,0,0,0,0.089578992686073,0,0,0,0,0,0,0,0,0,0,0,0,0,0,0,0,0,0.155661664951868,0.119504094084754,0,0,0,0,0,0,0,0,0,0.0713698286408703,0,0,0,0,0,0,0,0,0,0,0,0,0.182270428109567
0,0,0,0,0,0,0,0,0,0,0.151858195573996,0,0,0,0,0,0,0,0,0,0,0,0,0,0,0,0.0665899658798273,0,0,0.177678244271014,0,0.211855944869316,0,0,0,0,0,0,0,0,0,0,0,0,0,0,0,0,0,0,0,0,0,0,0,0.0779423321531243,0,0,0,0,0,0,0,0,0,0,0,0.314075317252722
0,0,0,0,0,0,0,0,0,0,0.186455053236296,0,0,0,0,0,0,0,0,0,0,0,0,0,0,0,0,0,0,0.119458929894429,0,0,0,0.116025104898499,0,0,0,0,0,0.0886441524787478,0,0,0,0,0,0,0,0,0,0,0,0,0,0,0.140412550172923,0,0,0,0,0,0,0,0,0,0,0,0,0.349004209319105
0,0.10269542891341,0,0,0,0,0,0,0,0,0.326064963827881,0,0.0660233053432896,0,0,0,0,0,0,0,0,0,0,0,0,0,0,0,0,0,0,0,0,0,0,0,0,0,0,0,0,0,0,0,0,0,0,0,0.145800880627068,0,0,0,0,0,0,0.0610430817585471,0,0,0,0,0,0,0.080516211350863,0,0,0,0,0.217856128178941
0,0,0.0833685530656283,0,0,0,0,0,0,0,0.108637049226956,0,0,0,0,0,0,0,0,0,0,0,0,0,0,0,0,0,0,0,0,0,0,0,0,0,0,0,0,0.163929123117639,0,0,0,0.127780122899145,0,0,0,0,0,0,0,0,0,0,0.11252697765126,0,0,0,0,0,0,0,0,0,0,0,0,0.403758174039372
0,0,0,0,0,0,0,0,0,0,0,0,0,0.0792166054518962,0,0,0,0,0,0,0,0,0,0,0,0,0,0,0.163030428007131,0,0,0,0,0,0,0,0,0,0,0,0,0,0,0,0,0,0,0,0,0,0.177773932145981,0,0,0,0,0,0,0.0836977434624007,0,0,0,0.112785991060079,0,0,0,0,0,0.383495299872512
0,0,0,0,0,0,0,0,0.212328180347054,0,0,0,0,0,0,0,0,0,0,0.330649119928759,0,0,0,0,0,0,0,0,0,0,0,0,0,0,0,0,0,0,0,0,0,0,0,0.104112266591197,0,0,0,0,0,0,0,0,0,0,0,0,0,0,0,0,0,0,0,0,0,0,0,0.35291043313299
0,0,0,0,0,0,0,0,0,0,0,0,0,0,0,0,0,0.0702944810311269,0,0,0,0,0,0,0,0,0,0,0,0,0,0,0,0,0,0,0,0,0,0.121734789476838,0,0,0,0.22675865374158,0,0,0,0,0,0,0,0,0,0,0.18772987013372,0,0,0,0,0,0,0,0,0,0,0.123750424641539,0.106149543085247,0.163582237889949
0.0747886468027255,0,0,0,0,0,0.0873374919645201,0,0,0,0,0,0.0753145440695846,0,0,0,0.0825089489222963,0,0,0.115531185430864,0,0,0,0,0,0,0,0,0,0,0,0,0,0,0,0,0,0,0,0.136765881866817,0,0,0,0.12479874434637,0,0,0,0,0.0607091649420515,0,0,0,0,0,0,0,0,0,0,0,0,0,0,0,0,0,0,0.242245391654772
0,0,0,0,0,0,0,0,0,0.0855929149089546,0.289191865184501,0,0,0,0,0,0.17349402366229,0,0,0,0,0,0,0,0,0,0.178508406064008,0,0,0,0,0,0,0,0,0,0.0736256513433016,0,0,0,0,0,0,0,0,0,0,0,0,0,0,0,0,0,0.152648583872557,0,0,0,0,0,0,0,0,0,0,0,0,0.0469385549643881
0.0740203722350376,0,0,0,0,0,0,0,0,0,0,0,0,0,0,0,0.0858505024291696,0,0,0,0,0.0600447512490975,0.220194443996046,0.148426938660773,0,0,0,0,0,0.0798817929484191,0.0663945601695698,0,0,0,0,0,0,0,0,0,0,0.0642008442378628,0,0,0,0,0,0,0,0,0,0,0,0,0.0743546632615764,0,0,0,0,0,0,0,0,0,0,0,0,0.126631130812448
0,0,0,0,0,0,0.1347955505536,0,0,0,0,0,0,0,0,0,0,0,0.074196123578454,0,0.0634791509724414,0,0.0908310324796647,0,0,0,0,0,0,0,0,0,0,0,0,0,0,0,0,0.0811477257342286,0,0.114302305322123,0,0.0671925803977997,0,0,0,0,0,0,0,0,0,0,0,0,0,0,0,0,0,0,0,0,0,0,0,0.374055530961689
0,0,0,0,0,0,0.0712390774949074,0,0,0,0,0,0,0,0,0,0,0,0,0,0,0,0,0,0,0,0,0,0,0.163787162634077,0,0,0,0,0,0,0,0,0,0.165060836194058,0,0,0,0.211569354099657,0,0,0,0,0,0,0,0,0,0,0.0984673405534099,0,0,0,0,0,0,0,0,0,0,0,0,0.289876229023891
0,0,0,0,0,0,0,0,0,0,0,0,0,0,0,0,0.119275988190488,0,0,0,0.0641376338235521,0,0,0,0,0,0.0826016013222543,0,0,0,0,0,0,0,0,0,0.326490238866885,0,0,0,0,0,0,0,0,0,0,0,0.0659616138293398,0,0,0,0,0,0.0754319373882344,0,0,0,0,0,0,0,0.0820610508989125,0,0,0,0,0.184039935680334
0,0,0,0,0,0,0,0,0,0,0,0,0,0,0,0,0,0,0,0,0,0,0,0,0,0,0,0,0,0.294864884259058,0,0,0,0,0,0,0,0,0,0,0,0,0,0,0.259557043857124,0,0,0,0,0,0,0,0,0,0,0,0.132525825062375,0,0,0,0,0,0,0,0,0,0,0.313052246821442
0,0,0,0,0,0,0,0,0,0,0,0,0,0,0,0,0.148682330507886,0,0,0.13270314447587,0,0,0,0,0,0,0,0,0,0,0,0,0,0,0,0,0.133670806229957,0,0,0,0,0,0,0,0,0,0,0,0,0,0,0,0,0,0,0,0,0.0669509706542156,0,0,0,0,0.172074539995405,0,0,0,0,0.345918208136667
0,0,0,0,0,0,0,0,0,0,0.460664475226873,0,0,0,0,0,0,0,0,0,0,0,0,0.0862259633068134,0,0,0,0,0,0,0,0,0,0,0,0,0.0957207088761173,0,0,0,0,0,0,0,0,0,0,0,0,0,0,0,0,0,0,0,0,0,0,0,0,0,0,0,0,0,0,0.357388852590196
0,0,0,0,0,0,0,0,0,0,0.0695332586888744,0,0,0,0,0,0,0,0,0,0,0,0,0,0,0,0.096211576284276,0,0,0,0,0,0,0.298640675823219,0,0,0.183751533602534,0,0,0,0,0,0,0,0,0,0,0,0,0,0,0,0,0,0,0,0,0,0,0,0,0,0.139433230542386,0,0,0,0,0.212429725058711
0,0,0,0,0,0,0,0,0,0,0.173909648507261,0,0,0,0,0,0,0,0,0,0,0,0,0,0,0,0,0,0,0,0,0.0914197971436317,0,0,0,0,0,0,0,0,0,0,0,0,0.240101273987648,0,0,0,0,0,0,0,0,0,0.0654048721951685,0,0,0,0,0,0,0,0,0,0,0,0,0.42916440816629
0,0,0,0,0,0,0,0,0,0.0863937905982881,0,0,0,0,0,0,0,0,0,0,0,0,0,0,0,0,0,0,0,0,0,0.101557479303775,0,0,0,0,0,0,0,0,0,0,0,0,0,0,0,0,0.122453421319551,0,0,0,0,0,0,0,0,0,0,0,0,0,0.144904880542426,0,0,0.234571475326345,0,0.310118952909614
0.0939795437167068,0,0,0,0,0,0,0,0,0,0,0,0,0,0,0,0.121092702417443,0,0,0,0,0,0,0,0,0,0.0685435193726182,0,0.103366095293321,0,0,0,0,0,0,0,0,0,0,0,0,0.0769475287645135,0,0,0,0,0,0,0,0,0,0,0,0,0.0806367457237567,0,0,0,0,0,0,0,0,0,0,0.0705068956630887,0,0.384926969048552
0,0,0,0,0,0,0,0,0,0,0,0,0.084261892753608,0,0,0,0.0661329031552887,0,0,0.140438301474946,0,0,0,0,0,0,0,0,0,0.199616098981001,0,0.0795185613596104,0,0,0,0,0,0,0,0,0,0,0,0,0.0735215942028381,0.0787852507362105,0,0,0,0,0,0,0,0,0,0,0,0,0,0,0,0,0,0,0,0,0,0.277725397336497
0,0.101793066428189,0,0,0,0,0,0,0.0761437284447737,0,0,0,0,0,0,0,0,0,0,0,0,0,0,0,0,0,0,0,0,0,0,0,0,0.180479328737386,0,0,0,0,0,0,0,0,0,0.134589924160141,0,0,0,0,0,0,0,0,0,0,0.142321502316593,0,0,0,0,0,0,0,0.0853419570781384,0,0,0,0,0.279330492834779
0,0,0,0,0,0,0,0,0,0,0,0,0,0,0,0,0,0.105833544431354,0,0,0,0,0,0,0,0,0.148932521148193,0.108848814870858,0,0,0,0,0,0,0,0,0.0787489308107072,0,0,0,0,0,0,0,0,0,0,0,0,0,0,0,0,0,0,0,0,0,0,0,0.0618151552406854,0,0,0,0,0,0,0.495821033498202
0,0,0,0,0,0,0,0,0,0,0,0,0,0,0,0,0,0,0,0.147760296813765,0,0,0.223296226485171,0,0,0,0.142707777365049,0,0,0,0,0,0,0,0,0,0,0,0,0,0,0,0,0,0,0,0,0,0,0,0,0,0,0,0,0.077879954445473,0,0,0,0,0,0,0,0.080167417336917,0,0.152911126001784,0,0.175277201551841
0,0,0,0,0,0,0,0,0,0,0,0,0,0,0,0,0.0826047189451565,0,0,0,0,0,0,0,0,0,0,0,0,0.292659616993966,0,0,0,0,0,0,0,0,0,0.0742120574283105,0,0,0,0.194748038660532,0,0,0,0,0,0,0.0644386410869919,0,0,0,0,0.110067347075118,0,0,0,0,0,0,0,0,0,0,0,0.181269579809925
0,0,0,0,0,0,0,0,0,0,0.154423257958373,0,0.0617125170103823,0,0,0,0,0,0,0.132594612607509,0,0,0,0,0,0,0,0,0,0,0,0.120517799214221,0,0,0,0,0,0,0,0,0,0,0,0,0,0,0.190037085683693,0,0,0,0,0.0704017494241322,0,0,0,0,0,0,0,0,0,0,0,0,0,0,0,0.270312978101689
0,0,0,0,0,0,0,0,0,0,0,0,0,0,0,0,0.075650625236382,0,0,0,0,0,0,0,0,0,0.102744709651415,0,0,0.188584736477332,0,0,0,0,0,0,0,0,0,0,0,0,0,0,0.0805476903220952,0,0,0,0,0,0,0,0,0,0,0,0,0,0,0,0,0,0,0,0,0.188227211322165,0,0.36424502699061
0,0,0,0,0,0,0,0,0,0,0,0,0,0,0,0,0,0,0,0,0,0,0,0,0,0,0.156344807979336,0,0,0,0,0,0,0.25246008265527,0.0923711893000692,0,0,0,0,0,0,0,0,0,0,0,0,0,0,0,0,0,0,0,0,0,0,0,0,0.0714266653410022,0,0,0,0,0,0,0.0686445488365813,0.358752705887742
0,0,0,0,0,0,0,0,0,0,0.288596996567011,0,0,0,0,0,0,0,0,0,0,0,0,0,0,0,0,0,0.120461196345264,0,0,0,0,0,0,0.116800056865502,0,0,0,0,0,0,0,0,0,0,0,0,0,0,0,0,0,0,0,0,0,0,0,0,0,0.0639576200210953,0,0,0,0,0,0.410184130201128
0,0,0,0,0,0,0,0,0,0,0.199003141466214,0,0,0,0,0,0.103448142241253,0,0,0,0,0,0,0,0,0,0,0,0.0736693300225087,0,0,0.066261842060722,0,0,0,0,0,0,0,0,0,0,0,0.162728377954008,0,0,0,0,0,0,0,0,0,0,0.0923303975759622,0,0,0,0,0,0,0,0,0.0689060849025883,0,0,0,0.233652683776743
0.0728969962846373,0,0,0,0,0,0,0,0,0,0.072855505131272,0,0,0,0,0,0.0600933069531225,0,0,0,0,0,0,0,0.0784183070657867,0,0.127909024011076,0,0,0,0,0,0,0,0,0,0.239760735704905,0,0,0,0,0,0,0,0,0,0,0,0,0,0,0,0,0,0,0.0688459086687016,0,0,0,0,0,0,0,0,0,0.081361355194975,0,0.197858860985524
0,0,0,0,0,0,0,0,0,0,0,0,0.0732696547430022,0,0,0,0.08081165498431,0,0,0,0.0955245658190772,0,0,0,0,0,0.1691076368089,0,0,0,0,0,0,0.173079040750965,0,0,0,0,0,0,0,0,0,0,0,0,0,0,0,0,0,0,0,0,0.133133461972628,0,0,0,0,0,0,0,0.073810442217099,0,0,0,0,0.201263542704018
0,0,0,0,0,0,0.121117701095934,0,0,0,0.41765584327628,0,0,0,0,0,0,0,0,0,0,0,0,0,0,0,0,0,0,0,0,0,0,0,0,0,0,0,0,0.0688152252793102,0,0,0,0,0.129020522025633,0,0,0,0,0,0,0,0,0,0,0,0,0,0,0,0,0,0,0,0,0.0696948637789919,0,0.193695844543852
0,0.113475081536065,0,0,0,0,0,0,0,0,0.321906108585704,0,0,0,0,0,0,0,0,0,0,0,0,0.0831342701844372,0,0,0,0,0,0,0,0,0,0,0,0,0,0,0,0,0,0.125691256245109,0,0,0,0,0,0,0.105028400120084,0,0,0,0,0,0,0,0,0,0,0,0,0,0,0,0,0,0,0.250764883328601
0,0,0,0,0,0.109391001247756,0,0,0,0,0,0,0,0,0,0,0,0,0,0.0689774559421487,0,0,0,0,0,0,0,0,0,0,0,0,0,0,0,0,0,0,0,0.299945982165981,0,0,0,0.062438801352526,0,0,0,0,0,0,0,0,0,0,0.101162055741511,0.0805348784608866,0,0,0,0,0,0.0713509611792288,0,0,0,0,0,0.206198863909962
0,0,0,0,0,0,0,0,0,0,0.239855088927319,0,0,0,0,0,0,0,0,0,0,0,0,0,0,0,0.112494868250265,0,0,0,0,0,0,0,0,0,0.14139700457695,0,0,0.103882970668393,0,0,0,0,0,0,0,0,0,0,0,0,0,0,0,0,0,0,0,0,0,0,0,0,0,0,0,0.402370067577073
0.104638089417361,0,0.201142606313832,0,0,0,0,0,0,0,0.061275164458398,0,0,0,0,0,0,0,0,0,0,0,0,0,0.120614647509007,0,0,0,0,0,0,0,0,0,0,0.207499303991855,0,0,0,0.0740857597335555,0,0,0,0,0,0,0,0,0,0,0,0,0,0,0,0,0,0,0,0,0,0,0,0,0,0,0,0.230744428575992
0,0,0,0,0,0,0,0,0,0,0.100497174312812,0,0,0,0,0,0.110790094138108,0,0,0,0,0,0,0,0,0,0,0,0,0.254287693765423,0,0,0,0,0,0,0,0,0,0,0,0,0,0,0,0,0,0,0.142167851033768,0,0,0,0,0,0,0,0,0,0,0,0,0,0,0,0,0,0,0.392257186749889
0,0,0,0,0,0,0,0,0,0,0,0,0,0,0,0,0,0,0,0,0,0,0.0771261345097673,0.18598279730136,0,0,0,0,0,0.18284753899758,0,0,0,0,0,0,0,0,0,0,0.0790090198940919,0,0,0.14722510080197,0,0,0,0,0,0,0,0,0,0,0,0,0,0,0,0,0,0,0,0,0,0,0,0.327809408495231
0,0,0,0,0,0,0,0,0,0,0,0,0,0,0,0,0.0649557585571777,0,0,0,0,0.0608677345589501,0,0,0,0,0,0,0,0,0,0,0,0.140512440178963,0,0,0,0,0,0.105689403730708,0,0,0,0,0,0,0,0,0,0,0,0,0,0,0,0,0,0,0,0,0,0,0.220670800988781,0.105810849266755,0,0.0752128548506292,0.0831484303765545,0.143131727491482
0,0.100183281882669,0,0,0,0,0,0,0,0,0,0,0,0,0,0,0.108753186605441,0,0,0,0,0,0,0,0,0,0,0,0,0,0,0,0,0,0,0,0.0649620321712578,0,0,0.250029978096179,0,0,0,0,0,0,0,0,0,0,0,0,0,0,0.149841063380418,0,0,0,0,0,0,0,0,0,0,0,0,0.326230457864035
0,0,0,0,0,0,0,0,0.127270115624822,0,0,0,0,0,0,0,0,0,0,0,0,0,0,0,0.127048488277679,0,0,0,0,0,0,0,0,0,0,0,0,0,0,0.126114062242939,0,0,0,0,0,0,0,0,0,0,0,0,0,0,0.132078737599208,0,0,0,0,0,0,0,0.240638797741868,0,0,0,0,0.246849798513485
0,0,0,0,0,0,0,0,0,0,0,0,0,0,0,0,0,0,0.0946323992547681,0,0,0,0,0,0,0,0.21656976958559,0,0.181956260519123,0,0,0,0,0,0,0,0,0,0,0.109670596998345,0,0,0,0,0,0,0,0,0,0,0,0,0,0,0,0,0,0,0,0,0,0,0,0,0,0.161224020134217,0,0.235946953507957
0,0,0,0,0,0,0,0,0.0775309714604748,0,0,0,0,0,0,0,0,0,0,0.160617379902227,0,0,0,0,0,0,0,0,0,0,0,0,0,0,0,0,0.0994643739205692,0,0,0.126372724522533,0,0,0,0,0,0,0,0,0,0,0,0,0,0,0.290950624569039,0,0,0,0,0,0,0,0,0,0,0,0,0.245063925625158
0,0.0605290729825231,0,0,0,0,0,0,0,0,0.421588234469341,0,0,0,0,0,0,0,0,0,0.0694961673329225,0,0,0,0.102843106183357,0,0,0,0,0,0,0,0,0,0,0,0,0,0,0,0,0,0,0.176695276329425,0,0,0,0,0,0,0,0,0,0,0,0,0,0,0,0,0,0,0,0,0,0,0,0.168848142702432
0,0,0,0,0,0,0,0,0,0,0.0836757690715999,0,0,0,0,0,0.12199281314059,0,0,0,0,0,0,0,0,0,0,0,0,0.173666367101843,0,0,0,0,0,0.206939753422805,0,0,0,0,0,0,0,0,0,0,0,0,0,0,0,0,0,0,0,0,0,0.108620845661671,0,0,0,0,0,0,0,0,0,0.305104451601491
0,0.135841535318008,0,0,0,0,0,0,0,0,0,0,0,0,0,0,0,0,0,0,0,0,0,0,0,0,0,0,0,0.167693349646021,0,0,0,0,0,0,0.16559870497398,0,0,0,0,0,0,0.0879169936679566,0,0,0,0,0,0,0,0.0911088118067616,0,0,0,0,0,0,0,0,0,0,0.0682774571003984,0,0,0,0,0.283563147486874
0,0,0,0,0,0,0,0,0,0,0,0,0,0,0,0,0.0683044746282464,0,0.109581671740708,0,0,0,0,0,0,0,0,0,0,0.168541854663763,0,0,0,0,0,0,0,0,0,0.131745892342162,0,0,0,0,0,0,0.0658863054322388,0,0,0,0,0,0,0,0.12452491403036,0,0,0,0,0,0,0,0,0,0,0.0906127134684254,0,0.240802173694096
0,0,0.135368794923011,0,0,0,0,0,0,0,0.0807697771792214,0,0,0,0,0,0,0,0,0.0839803539358001,0,0,0,0,0,0,0,0,0,0,0,0,0,0,0,0,0.082965352715182,0,0,0,0,0,0,0.103456341695144,0,0,0,0,0,0,0,0,0,0,0,0,0,0,0,0,0,0.163005871868482,0,0.0926889290238175,0,0,0,0.257764578659342
0,0.0950385132552805,0,0,0,0,0,0,0,0,0,0,0,0,0,0,0,0,0,0.0786525578416347,0,0,0,0,0,0,0,0,0,0,0,0,0.0729449259462119,0,0,0,0,0,0.0850601265689381,0.11375275306487,0,0,0,0.0983637140216164,0,0,0,0,0,0,0,0,0,0,0.151499678055964,0,0,0,0,0,0,0,0.115919071824555,0,0,0,0,0.18876865942093
0,0,0,0,0,0,0.0612925910186944,0,0.0943438465640165,0,0.0810968446862634,0,0,0,0,0,0,0,0,0,0,0,0.264294367289857,0,0,0,0,0,0,0,0,0,0,0,0,0,0,0,0,0,0,0,0,0,0,0,0,0,0,0,0.0863093924339699,0,0,0,0,0,0,0,0,0,0,0.0894595153354034,0,0,0,0,0,0.323203442671795
0,0,0,0,0,0,0,0,0.126795966728025,0,0.0931931261157915,0,0,0,0,0,0.0989864485702221,0,0,0.214448926253545,0,0,0,0,0,0,0,0,0,0.162646624067184,0,0,0,0,0.0645778699957242,0,0,0,0,0,0,0,0,0.0749305654535507,0,0,0,0,0,0,0,0,0,0,0,0,0,0,0,0,0,0,0,0,0,0,0,0.164420472815958
0,0,0,0,0,0,0,0.0909238736749827,0,0,0.425084177288027,0,0,0,0,0,0,0.151983565840827,0,0,0.0653731553998259,0,0,0,0,0,0,0,0,0,0,0,0,0,0,0,0,0,0,0,0,0,0,0,0,0,0,0,0,0,0,0,0,0,0,0,0,0,0,0,0,0,0,0,0,0,0,0.266635227796338
0,0,0,0,0,0,0,0,0,0,0,0,0,0,0,0,0,0,0,0,0,0,0,0,0.21460839515756,0,0,0,0,0,0,0,0.0765857985890852,0,0,0,0,0,0,0.0825959405824458,0,0,0,0.185312458941646,0,0,0,0,0,0,0,0,0,0,0.167440960642578,0,0,0,0,0,0,0,0,0,0,0.13102552258167,0,0.142430923505015
0,0,0,0,0,0,0,0,0,0.0662545325655603,0,0,0,0,0,0,0,0,0,0.192914552832136,0,0,0,0,0,0,0.131885986426496,0,0.199520292176253,0,0,0,0,0,0,0.0846511536797732,0,0,0,0,0,0,0,0,0,0,0,0,0,0,0,0,0,0,0,0.0639742032623526,0,0,0,0,0,0,0,0,0,0,0,0.260799279057429
0,0,0,0,0,0,0,0,0,0,0,0,0,0,0,0,0.0633548841212495,0,0,0,0,0,0,0,0,0,0.0606425117639675,0,0,0.255721342637945,0,0,0,0,0,0.0631924648723729,0,0,0,0.127573278801198,0,0,0,0.104593011729805,0,0,0,0,0,0,0,0,0,0,0,0,0,0,0,0,0,0,0,0,0,0,0,0.324922506073462
0,0,0,0,0,0,0.0626440659470217,0,0,0,0,0,0,0,0,0,0,0,0.154181445271107,0,0,0,0,0,0,0,0,0,0,0,0,0,0,0.069701762104007,0,0.137163703778789,0.077401118991027,0,0,0,0,0,0,0.0893267997172234,0,0,0,0,0,0,0,0,0,0,0,0,0,0.0952732592564794,0,0,0,0,0,0,0,0,0.0822573623927299,0.232050482541615
0.0711413020758395,0,0,0,0,0,0.0603916773107716,0,0.0959241591524754,0,0,0,0,0,0,0,0,0,0,0,0,0,0,0,0,0,0,0,0,0,0,0,0,0,0,0,0,0,0,0.238762222265812,0,0,0,0,0.187745089211956,0,0,0,0,0,0,0,0,0,0,0,0,0,0,0,0,0,0,0,0,0,0,0.346035549983146
0,0.0998039118465556,0,0,0,0.0814214686730486,0,0,0,0,0,0,0,0,0,0,0.256553739354438,0,0,0.0673661368693904,0,0,0,0,0,0,0.115891959519249,0,0,0,0,0,0,0,0,0,0,0,0,0,0,0,0,0.0695947653046436,0,0,0,0,0,0,0,0,0,0,0,0,0,0,0,0,0,0,0,0.0771988655478071,0,0,0,0.232169152884867
0,0,0,0,0,0.0804259454595552,0,0,0,0,0,0,0,0,0,0,0.0717951517752073,0,0,0,0.0600675779610407,0,0,0,0,0,0,0,0,0,0,0,0,0.13350110789302,0,0.0653132484524421,0,0,0,0,0,0,0,0.0897080226537994,0,0,0,0,0,0,0,0,0,0,0.149273753575322,0,0,0,0,0,0,0.0766526256423409,0.119018182276031,0,0,0,0,0.154244384311241
0,0,0,0,0,0,0,0,0,0,0.0634204475072287,0,0,0,0,0,0.131796035076742,0.0640515118217368,0,0,0,0,0,0,0,0,0,0,0.134720855287766,0,0,0,0,0,0,0,0,0,0,0,0,0,0,0.0921881423528589,0,0,0,0.0669469649491219,0,0,0.132097101222856,0,0,0,0.0941822124165045,0,0,0,0,0,0,0,0,0,0,0.100759143533011,0,0.119837585832174
0.0609256436712753,0,0,0,0,0,0,0,0,0.0919434712167826,0.149096050468899,0,0,0,0,0,0.0985317862559605,0,0,0,0,0,0,0,0,0,0,0,0,0,0,0,0,0,0,0,0,0,0,0.112262055236358,0,0,0,0.0876404337593605,0,0,0,0,0,0,0,0,0,0,0.105584891790679,0,0,0,0,0,0,0,0.0820689556019978,0,0,0,0,0.211946711998688
0,0,0,0,0,0,0.0938925162512251,0,0.0626919165401801,0,0,0,0,0,0,0,0.0843716731444586,0,0.0636459812679517,0,0,0,0,0,0,0,0,0,0,0,0,0.218255425801992,0,0,0,0,0,0,0,0,0,0,0,0,0.140002394234812,0,0,0,0,0,0,0,0,0,0,0,0.0944643277124649,0,0,0,0,0,0,0,0,0,0,0.242675765046917
0,0,0,0,0,0,0,0,0,0,0,0,0,0,0,0,0,0,0,0,0,0,0,0,0,0,0,0,0.065852357691657,0.243006332081744,0,0,0,0,0,0,0,0,0,0.298466146055817,0,0,0,0,0,0,0,0,0,0,0,0,0,0,0.117216827840962,0,0,0,0,0.0799621159578388,0,0,0,0,0,0,0,0.195496220371981
0,0,0,0,0,0,0,0,0,0,0,0,0,0,0,0.088505524465864,0.13348849500218,0,0,0,0,0,0,0,0,0,0,0,0,0,0,0,0,0,0.0691878798124839,0,0,0,0,0.240198282392296,0,0,0,0,0.252281631289736,0,0,0,0,0,0,0,0,0,0,0,0,0,0,0,0,0,0,0,0,0,0,0.21633818703744
0,0.351024084142221,0,0,0,0,0,0,0,0,0.128232761452237,0,0,0,0,0,0.0838523713941433,0,0,0,0,0,0,0,0,0,0,0,0,0,0,0,0,0,0,0,0,0,0,0.0879778390393814,0,0,0,0.0965475523344145,0,0,0,0,0,0,0,0,0,0,0,0,0,0,0,0,0.0844567155603097,0,0,0,0,0,0,0.167908676077293
0,0,0,0,0,0,0,0,0,0,0,0,0,0,0,0,0.174468186616394,0,0,0,0,0,0.240396861524697,0,0,0,0,0,0,0,0,0.121848683650975,0,0,0,0,0,0,0,0.0986443230143247,0,0,0,0,0,0,0,0,0.0888724707993585,0,0,0,0,0,0,0,0,0,0.0954228652303369,0,0,0.180346586020496,0,0,0,0,0,2.31434172937028e-08
0,0,0,0,0,0,0,0,0,0,0,0,0,0,0,0,0,0,0,0,0.065640953245478,0,0,0,0,0,0,0,0.0891278184627483,0,0,0,0,0,0,0.281761084384147,0,0,0,0,0,0.121992559848605,0,0.177760196035726,0,0,0,0,0,0,0,0,0,0,0,0,0,0,0,0,0,0,0,0,0,0,0,0.263717388023297
0,0,0,0,0,0,0,0,0,0,0,0,0,0,0,0,0.0906750163298463,0,0,0,0,0,0,0,0,0,0,0,0,0.180114975231591,0,0,0,0,0,0,0,0,0,0.171413648948706,0,0,0,0,0,0.0840238188368012,0,0,0,0,0,0,0,0,0,0,0,0,0,0,0,0,0.0866897707172241,0,0,0.200596349990861,0,0.186486419944971
0,0.0678820273224704,0,0,0,0,0.0887663088365512,0,0,0.0733077395335634,0.217499426471847,0,0,0,0,0,0.0995695833571901,0,0,0,0,0,0.166453562648199,0,0,0,0,0,0,0,0,0,0,0,0,0,0,0,0,0,0,0,0,0.0731182472560639,0.0984413689990995,0,0,0,0,0,0,0,0,0,0,0,0,0,0,0,0,0,0,0,0,0,0,0.114961735575016
0,0.0774434392947394,0,0,0,0,0,0,0,0,0,0,0,0,0,0,0,0,0,0.0854560848571076,0.0698971191631877,0,0,0,0,0,0,0,0,0,0,0,0,0,0,0,0,0,0,0.166631724469636,0,0,0,0.129495285442148,0,0,0,0,0,0,0,0,0,0,0,0,0.0678728049882847,0,0,0,0,0,0,0,0,0,0,0.403203541784896
0,0.0638819333091926,0,0.13595990465016,0,0,0,0,0.0736226550355611,0,0,0,0,0,0,0,0,0,0.136457226468099,0,0,0,0,0,0,0,0,0,0,0,0,0,0,0,0,0,0,0,0,0.153094303338806,0,0,0,0.0932845181943849,0,0,0,0,0.0971629450378454,0,0,0,0,0,0,0,0,0,0,0,0,0,0,0,0,0,0,0.246536513965951
0,0,0,0,0,0,0,0,0,0,0,0,0,0,0,0,0,0.0880287247885428,0,0,0,0,0,0,0.173748047528498,0,0,0,0,0,0,0,0,0,0,0,0,0,0,0.309134984265978,0,0,0,0,0,0,0,0,0,0,0.0859230803872899,0,0,0,0,0.139616766331459,0,0,0,0,0,0,0,0,0,0,0,0.203548396698233
0.165823740844815,0,0.126198126842775,0,0,0,0,0,0.101478372748474,0,0.114150470393169,0,0,0,0,0,0,0,0,0,0,0,0,0,0,0,0,0,0,0,0,0,0,0,0,0.0829986551423852,0,0,0,0,0,0,0,0.164042293402808,0,0,0,0,0,0,0,0,0,0,0,0,0,0,0,0,0,0.0784092442838683,0,0,0,0,0,0.166899096341705
0,0,0,0,0,0,0,0,0,0,0,0,0,0,0,0,0.0957762298033215,0,0,0.191897742243911,0,0,0,0,0,0,0.124643211988334,0,0,0,0,0,0,0.240182878158517,0,0,0,0,0,0,0,0,0,0,0,0,0,0,0,0,0,0,0,0,0,0,0,0,0,0,0,0,0.0937137950397642,0,0,0,0,0.253786142766153
0,0,0.0838031993450658,0,0,0,0,0,0,0,0,0,0,0,0,0,0,0,0,0,0,0,0,0,0,0,0.0653692809190764,0,0,0,0,0.061826682073395,0,0,0,0,0.0891401117206311,0,0,0.0782693063898818,0,0,0,0.201576059331898,0,0,0,0,0,0,0,0,0,0,0,0,0,0,0,0,0,0.114402448760785,0,0.0840386928188554,0,0,0,0.221574218640411
0,0,0,0,0,0,0,0,0,0,0,0,0,0,0,0,0,0.0874265905153903,0,0,0,0,0,0,0,0,0,0,0,0.222428658504936,0,0,0,0,0,0,0,0,0,0,0,0,0.134123340243666,0.239966204875496,0,0,0,0,0,0,0,0,0,0,0.114954629906352,0,0,0,0,0,0,0,0,0,0,0,0,0.20110057595416
0,0,0,0,0,0,0,0,0.0634919832690692,0,0,0,0,0,0,0,0,0,0,0.124273824835902,0,0,0,0,0,0,0,0,0,0,0,0,0,0.17254838157463,0,0,0,0,0,0,0,0,0,0.149018652017737,0,0,0,0,0,0,0,0,0,0,0,0,0,0,0,0,0,0,0.160404429389548,0,0,0.172663137210337,0,0.157599591702777
0,0,0,0,0,0,0,0,0,0,0.247035891528481,0,0,0.106938755620595,0,0,0,0.10052426030906,0,0,0,0,0,0,0,0,0,0,0,0,0,0.0898149698931601,0,0,0,0,0,0,0,0,0,0,0,0,0,0,0,0,0,0,0,0,0,0,0.252943492879877,0,0,0,0,0,0,0,0,0,0,0,0,0.202742629768827
0,0,0,0,0,0,0,0,0,0,0,0,0,0,0,0,0.0780110782363171,0,0,0,0.0661384982713202,0,0,0,0,0,0,0,0,0,0,0,0,0,0,0,0,0,0,0.144157430057755,0,0,0,0,0,0.149035375423348,0,0,0,0,0,0,0,0,0,0,0,0,0,0,0,0,0.230580913746657,0,0,0,0,0.332076704264603
0,0.186967471265607,0,0,0,0.0833953376001719,0.0825028419724401,0,0,0,0,0,0,0,0,0,0.0990345532647045,0,0,0,0,0,0,0,0,0,0,0,0,0,0,0,0,0,0,0,0,0,0,0.0927379650420365,0,0,0,0.147275569982657,0,0,0,0,0,0,0,0,0,0,0,0,0.0650053153116316,0,0,0,0,0,0,0.0879700903901573,0,0,0,0.155110855170594
0,0,0,0,0,0,0,0,0,0,0.173516931466664,0,0,0,0,0,0,0,0,0,0,0,0,0,0,0,0,0,0,0,0,0,0,0,0,0,0.0600205636534349,0,0,0.222075877554906,0,0,0,0,0,0.080523988872943,0,0,0,0,0,0,0,0,0,0,0,0.0631410532753067,0,0,0,0,0,0,0,0,0,0.400721585176746
0,0,0,0,0,0,0,0,0,0,0,0,0,0,0,0,0.116302341085624,0.168994093705592,0,0,0,0,0,0,0,0,0,0,0,0,0,0,0,0,0,0,0,0,0,0.0710351834821182,0,0,0,0.0787460900151688,0,0,0,0,0,0,0,0.121394770656389,0,0,0,0,0,0,0,0,0,0,0.191838607212572,0,0,0,0,0.251688913842537
0,0,0,0,0,0,0,0,0,0,0,0,0.0741222309091668,0,0,0,0,0,0,0,0,0,0,0,0,0,0,0,0,0,0,0,0,0.218473799755239,0,0,0,0,0,0,0,0,0,0.187951691359754,0,0.0947709927854993,0,0,0,0,0,0,0,0,0,0,0,0,0,0,0,0,0,0,0,0,0.0694409874949938,0.355240297695347
0,0,0,0,0,0,0.0769843571124666,0,0,0,0.146811489316494,0,0,0,0.108967241337915,0,0,0,0,0,0,0,0,0,0,0,0,0,0,0,0,0,0,0,0,0,0,0,0,0,0,0,0,0.306332889288528,0.100274559179055,0,0,0,0,0,0,0,0,0,0,0,0,0,0,0,0,0,0,0,0,0,0,0.26062946376554
0.0609519534483001,0.171663824303983,0,0,0,0,0,0,0,0,0,0,0,0,0,0,0,0,0,0.0793896680366175,0,0,0,0,0,0,0,0,0,0,0,0,0,0,0,0.0643503222093493,0,0,0,0.0812908389745608,0,0,0,0.11968200008303,0,0,0,0,0,0,0,0,0,0,0.178973139508351,0,0,0,0,0,0,0,0,0,0,0,0,0.243698253435808
0,0,0,0,0,0,0,0,0,0,0,0,0,0,0,0,0.115779312469176,0,0,0,0,0,0.0981368520585937,0,0,0,0.137090060326223,0,0,0,0,0,0,0,0,0.264028245883755,0,0,0,0.109293208113243,0,0,0,0,0,0,0,0,0,0,0.0843585381963189,0,0,0,0,0,0,0,0,0,0,0,0,0,0,0,0,0.19131378295269
0,0.0659965918518398,0,0,0,0,0,0,0.06937359778447,0,0,0,0,0,0,0,0,0,0,0,0,0,0,0,0.204507790140627,0,0,0,0,0,0,0,0,0,0,0,0.157759853701795,0,0.0712093999075214,0,0,0,0.0733564949123797,0,0.231633477375545,0,0,0,0,0,0,0,0,0,0,0,0,0,0,0,0,0,0,0,0,0,0,0.126162794325822
0,0,0,0,0,0.085561764375023,0,0,0.0793560004703516,0,0,0,0,0,0,0,0,0,0,0,0,0,0,0,0,0,0,0,0,0.102111482899094,0,0.0728864167025931,0,0,0,0,0,0,0,0.172608279691076,0,0,0,0,0,0,0,0,0,0,0,0,0,0,0,0,0.0716400603699851,0,0,0,0,0.0660070189483966,0,0,0,0,0,0.34982897654348
0.10246077191548,0.18818574308953,0,0,0,0,0.0833092670678004,0,0.0671300909888391,0,0,0,0,0,0,0,0.0907395356961452,0,0,0,0,0,0,0,0,0,0,0,0,0,0,0,0,0,0,0.126918776767857,0,0,0,0.0867366178948249,0.0737483291821683,0,0,0,0,0,0,0,0,0,0,0,0,0,0,0,0,0,0,0,0,0,0,0,0,0,0,0.180770867397355
0,0,0,0,0,0,0,0,0,0,0,0,0,0,0,0,0,0,0,0,0.0834538462693464,0,0,0.140324670954292,0,0,0,0,0,0,0,0,0,0,0,0,0,0,0,0.311535410625554,0,0,0,0,0,0,0,0,0,0,0,0,0,0,0,0,0,0,0,0,0,0,0,0,0,0,0,0.464686072150807
0,0.060303421371909,0,0,0,0,0,0,0,0,0,0,0,0.116435047634131,0,0,0.212868362319057,0,0,0,0,0,0,0,0,0,0,0,0,0,0,0,0,0,0,0,0,0,0,0.246167178351605,0,0,0,0,0,0,0,0,0,0,0,0,0,0,0,0.131319189415181,0,0,0,0,0,0,0,0.0974000424949865,0,0,0,0.13550675841313
0,0,0,0,0,0,0,0,0,0,0,0,0.102696393010682,0,0,0,0,0.0703271453823511,0,0,0,0.0860238907676835,0,0,0.0605681055687752,0,0,0,0,0,0,0,0.0703260292088444,0.166020193245119,0,0,0,0,0,0,0,0,0,0,0,0.0913551197801209,0,0,0,0,0,0,0,0,0.130872005829256,0,0,0,0,0,0,0,0,0,0,0,0,0.221811117207169
0,0.23930771215694,0,0,0,0,0,0,0,0,0.0630377462079014,0,0,0,0,0,0,0,0,0,0,0,0,0,0,0,0.082125871996533,0,0,0,0,0,0,0,0,0,0,0,0,0.121298143855665,0,0,0,0,0,0,0,0,0,0,0,0,0,0,0,0,0,0.151604991413781,0,0,0,0,0.0950314329773007,0,0,0,0,0.247594101391879
0,0,0,0,0,0,0,0,0,0,0.122737517960314,0,0,0,0,0,0.0725276835723633,0,0,0,0,0,0,0,0,0,0,0,0.107268651181869,0.335951736284259,0,0.0854120488016133,0,0,0,0,0,0,0,0,0,0,0,0,0,0,0,0,0,0,0,0,0,0,0,0,0,0,0,0,0,0,0,0,0,0.111665667234122,0,0.164436694965459
0,0.0658166864618987,0,0,0,0,0,0,0,0,0.171316949173349,0,0,0,0,0.0646360655290292,0,0,0.0726925080574001,0,0,0,0,0,0,0,0,0,0,0,0,0,0,0,0,0,0,0,0,0.379253846280211,0,0,0,0,0,0,0.10023624696268,0.0678299674779664,0,0,0,0,0,0,0,0,0,0,0,0,0,0,0,0,0,0,0,0.0782177300574649
0,0,0,0,0,0.0767072605423925,0,0,0,0,0,0,0,0.0827541992613674,0,0,0,0.117161720659257,0,0,0,0,0,0,0,0,0.0800804918956055,0,0,0,0,0.086228790025963,0,0,0,0,0,0,0,0,0,0,0,0.179397310052037,0,0,0,0.0855002720522704,0,0,0,0,0,0,0,0,0,0,0,0,0,0,0,0,0,0,0,0.292169955511107
0,0,0,0.0653889580547182,0,0,0,0,0,0,0,0,0,0,0,0,0,0,0,0.0964798984842279,0,0,0,0,0,0,0.124726896771701,0,0.195510755172521,0,0,0,0,0,0,0.101988234665421,0,0,0,0,0,0,0,0.0943187112660787,0,0,0,0,0,0,0.117928576590462,0,0,0,0,0,0,0,0,0,0,0,0,0,0,0,0,0.20365796899487
0,0,0,0,0,0,0,0,0,0,0.19904218159708,0,0,0,0,0,0,0,0,0,0,0,0,0,0,0,0,0,0,0,0,0,0,0,0,0,0,0,0,0.270308854706505,0,0,0,0,0,0,0,0,0,0,0,0,0,0,0.107517970504101,0,0,0.0610726945660162,0,0,0,0,0,0,0,0.0624356977648364,0,0.299622600861461
0.142200375754043,0,0,0,0,0.106241131235026,0,0,0,0,0,0,0,0,0,0,0,0,0,0,0,0,0,0.0733192342932285,0,0,0,0,0.274893886958103,0,0,0.0603535473305679,0,0,0,0,0,0,0,0,0,0,0,0,0,0,0,0,0,0,0,0,0,0,0,0,0,0,0,0,0,0,0,0,0,0,0,0.342991824429032
0.0821512294943939,0,0,0,0,0,0,0,0,0,0,0,0,0,0,0,0,0,0,0,0,0,0,0,0,0,0,0,0,0,0.135907688408908,0,0,0,0,0,0.0693847359184264,0,0,0.143084235141474,0,0,0,0,0,0,0,0,0.181563574723045,0,0,0,0,0,0.0826111285300818,0,0,0,0,0,0,0,0,0.0897779155268889,0,0,0,0.215519492256782
0.0853215991111636,0.0920315756442484,0,0,0,0,0,0,0,0,0,0,0,0,0,0,0.127633027413763,0,0,0,0,0,0,0,0,0,0.0850941412268243,0,0,0,0,0,0,0,0,0,0,0,0,0,0.196682371538967,0,0,0,0,0,0,0,0,0,0,0,0,0,0,0,0,0,0,0,0,0,0,0.0676783836732241,0,0,0,0.34555890139181
0,0,0,0,0,0,0,0,0,0,0,0,0,0,0,0,0.0707449927838163,0,0,0.122796606465465,0,0,0,0,0,0,0,0,0,0,0,0,0,0,0,0,0,0,0,0.152606987691544,0,0,0,0.138820716882266,0,0,0,0,0,0,0,0,0,0,0,0.0953252133094659,0.0630768566123176,0,0,0,0,0,0,0,0,0,0,0.356628626255126
0.137440840026455,0,0.413181755097118,0.168731093218017,0,0,0,0.0889274594525851,0,0,0,0,0,0,0,0,0,0,0,0,0,0,0,0,0,0,0,0,0,0,0,0,0,0,0,0,0,0,0,0,0,0,0,0,0,0,0,0,0,0,0,0,0,0,0,0,0,0,0,0,0,0,0,0,0,0,0,0.191718852205826
0,0,0,0,0,0,0.0893340269866322,0,0,0,0.209645002914402,0,0,0,0,0,0.0806095408657496,0,0.0957360852246662,0,0,0,0,0,0,0,0,0,0,0,0,0,0,0,0,0,0,0,0,0,0,0,0,0.16875630721873,0,0,0,0,0,0,0,0,0,0,0,0,0,0,0,0,0,0,0,0,0,0,0,0.355919036789821
0,0,0,0,0.103091714756779,0,0,0,0,0.186256551406915,0.156182348477921,0,0,0,0,0,0,0,0,0,0.0642138600548491,0,0,0,0,0,0,0,0,0,0,0,0,0.106602564300582,0,0,0,0,0,0,0,0,0,0,0,0,0,0,0.0634905693693708,0,0,0,0,0,0.0942310501881313,0,0,0,0,0,0,0,0,0.163230093297067,0,0,0,0.0627012481483852
0,0,0,0,0,0,0,0,0,0,0,0,0,0,0,0,0,0,0,0.125321241866123,0,0,0,0,0,0,0,0,0,0,0,0,0,0,0,0,0,0,0,0.280200021051747,0,0,0,0,0.0620667106343139,0,0,0,0,0,0,0,0,0,0.103695503773703,0,0,0,0,0,0,0,0.0773222605146814,0,0,0,0,0.351394262159432
0,0.0957108072820932,0,0,0,0,0,0,0,0,0,0,0,0,0,0,0,0,0,0,0,0,0,0,0,0.104913876201936,0,0,0,0,0,0.0902882597565327,0,0.0785783811855595,0,0.216373011976074,0,0,0,0,0,0,0,0,0,0.0676647592161756,0,0.0623315416202517,0,0,0,0,0,0,0.0822934192382852,0,0,0,0,0,0,0,0,0,0,0,0,0.201845943523092
0,0,0,0,0,0,0,0,0,0,0.15334186993035,0,0,0,0,0,0.0933251715921573,0,0,0,0,0,0,0,0,0,0,0,0,0,0,0.0656634557532947,0,0,0,0.13729432546852,0,0,0,0,0,0,0,0.0718853197075171,0,0.0669246012216429,0,0,0,0,0,0,0,0,0.136624458602209,0,0,0,0,0,0,0,0,0,0,0,0,0.274940797724308
0,0,0.156984860469931,0.171983535814462,0,0,0,0,0,0,0,0,0,0,0,0,0,0,0,0,0,0,0,0,0,0,0,0,0,0,0,0,0,0,0,0.0672153545461387,0,0,0,0,0,0,0,0,0,0,0,0,0,0.0741065601050589,0.119311256229314,0,0,0,0.110122752641221,0,0,0,0,0,0,0,0,0,0,0,0,0.300275680193875
0,0,0,0,0,0,0,0,0,0,0,0,0,0,0,0,0,0,0,0,0,0,0,0,0.0657966628970543,0,0,0,0,0,0,0,0,0.108159756255347,0,0,0.28904963443143,0,0,0.14852038541669,0,0,0,0,0,0,0,0,0,0,0,0,0,0,0,0,0,0,0.0655714895915673,0,0,0,0,0,0,0,0,0.322902071407911
0,0,0,0,0,0,0,0,0,0,0.140722991143359,0,0,0,0,0,0,0,0,0,0,0,0,0.191306976755995,0,0.0649141811944117,0,0,0,0,0.0704242549109157,0,0,0,0,0,0,0,0,0,0,0,0,0.0887844789749647,0,0,0,0,0,0,0.0753407060628263,0,0,0,0.164498314291882,0,0,0,0,0,0,0,0,0,0,0,0,0.204008096665646
0.109427588986274,0,0,0,0,0,0,0,0,0,0,0,0,0,0,0,0.221929684211906,0,0,0,0,0,0,0,0,0,0,0.0736216733301855,0,0,0,0,0,0,0,0,0,0,0,0,0,0,0,0,0,0,0,0,0,0,0,0,0,0,0.205862287771401,0,0,0,0,0,0,0.105220867739875,0,0,0,0,0,0.283937897960358
0,0,0,0,0,0,0,0,0,0,0.0620456191887482,0,0,0,0,0,0.100861586123401,0,0,0,0,0.0767040525380138,0,0,0,0,0.066291296688186,0,0,0.0980225078862944,0,0,0,0,0,0,0,0,0,0.117825919835757,0.14692049671517,0,0,0,0,0,0,0,0,0,0,0,0,0,0,0,0,0,0,0,0,0,0.111162708272938,0,0,0,0,0.220165812751491
0,0,0,0,0,0,0,0,0,0,0.278125643696747,0,0,0,0,0,0,0.121165177814149,0,0,0,0,0,0,0.0823772946947081,0,0.0672247852406024,0,0,0,0,0,0,0,0,0,0.0600774846321682,0,0,0,0,0,0,0,0.161084199271842,0,0,0,0,0,0,0,0,0,0,0,0,0,0,0,0,0,0,0,0,0,0,0.229945414649784
0,0.11246590489151,0,0,0,0,0,0,0,0.111634640865825,0,0,0,0,0,0,0,0,0,0,0,0,0,0.0877290539305157,0,0,0.179066728102003,0,0,0,0,0,0,0,0,0,0,0,0,0,0,0,0,0,0,0,0,0,0,0,0,0,0,0,0,0,0,0.155877373576449,0,0,0,0,0,0,0,0.203249727598799,0,0.149976571034898
0,0,0,0,0,0,0,0,0.136235995595267,0,0.314856129207977,0,0,0,0.124841255296558,0,0.0661566378539037,0,0,0,0,0,0,0,0,0,0,0,0,0,0,0,0,0,0,0,0,0,0,0.0968590550161372,0,0,0,0,0,0,0,0,0,0,0,0,0,0,0,0,0,0,0,0,0,0,0.111936238955654,0,0,0,0,0.149114688074503
0,0,0,0,0,0,0,0,0,0,0,0,0,0,0,0,0.0882568999255681,0,0,0,0,0,0.31156319712792,0,0,0,0.151748035666221,0,0,0,0,0,0,0,0,0,0,0,0,0,0,0,0,0,0,0,0,0,0,0,0,0,0,0,0.130270808573398,0,0,0,0,0,0,0,0,0,0,0,0,0.318161058706892
0,0,0,0.164990417639219,0,0.185457515832281,0,0,0,0,0,0,0,0.0957657909918033,0,0,0,0,0,0,0,0,0,0,0,0,0,0,0,0,0,0,0,0,0,0,0,0,0,0.304206634050171,0,0,0,0,0,0,0,0,0,0,0,0,0,0,0.064443943206632,0,0,0,0,0,0,0,0,0,0,0,0,0.185135698279893
0,0,0,0,0,0,0,0,0,0,0.191405500197292,0,0,0,0,0,0,0,0,0,0,0,0,0,0,0,0,0,0,0,0,0.100913437871196,0,0,0,0,0,0,0,0,0,0.0673464033603374,0,0,0,0,0,0,0,0,0,0.0940017545624711,0,0,0,0,0,0,0,0,0,0,0,0,0,0.0921384189830024,0,0.454194485025701
0,0,0,0,0,0,0,0,0,0,0.289334046189162,0,0,0,0,0,0,0,0,0,0,0,0,0,0.0953638951171863,0,0,0,0,0,0,0,0,0,0,0,0,0,0,0,0,0,0,0.255035033189666,0,0,0,0,0.0871349979282419,0,0,0,0,0,0,0,0,0,0,0,0,0,0.0850495312612781,0,0,0,0,0.188082496314466
0,0.0722898515924692,0,0,0,0,0,0,0,0,0,0,0,0,0,0,0,0.0971829756942049,0,0,0,0,0,0,0,0,0.0817914741696517,0,0,0.307202926095252,0,0,0,0,0,0,0.0632148401025744,0,0,0,0,0,0,0,0,0,0,0,0,0,0,0,0,0,0.159327598090259,0,0,0.061288285699163,0,0,0,0,0,0,0,0,0,0.157702048556426
0,0.305867639209782,0,0,0,0,0,0,0,0,0,0,0,0,0,0,0.143741870990797,0,0,0,0,0,0,0,0,0,0,0,0,0,0,0,0,0,0,0,0,0,0,0.155489659575416,0,0,0,0.141517242728626,0,0,0,0,0,0,0,0,0,0,0,0,0,0,0,0,0,0,0,0,0,0,0,0.253383587495379
0.0801829067007067,0,0.0827121459260094,0,0,0,0,0,0,0,0,0,0,0,0,0,0.0738936462743385,0,0,0,0,0,0,0,0,0,0,0,0,0,0,0,0,0,0,0.122482807584962,0,0,0,0.104569080678976,0,0,0,0,0,0,0,0,0.0945753456854153,0,0,0,0,0,0.186129689846008,0,0,0,0,0,0,0,0,0,0,0,0,0.255454377303584
0,0,0,0,0,0,0,0,0,0,0.152780490034852,0,0,0,0,0,0,0.0900731248157912,0.0625674573613877,0.074125394997303,0,0,0,0,0,0,0,0,0,0,0,0,0,0,0,0,0,0,0,0,0,0,0,0.136249461228888,0,0,0,0,0,0,0,0,0,0,0.104041275745015,0,0,0,0,0,0,0.107999299271521,0,0,0,0,0,0.272163496545242
0.125706484912147,0.0648104340317691,0,0,0,0,0,0,0,0,0,0,0,0,0,0,0.127678041488916,0,0,0.113880527435396,0,0,0,0,0.142629161696511,0,0,0,0,0,0,0.0691698043331952,0,0,0,0,0,0,0,0,0,0,0,0,0,0,0,0,0,0,0,0,0,0,0,0,0,0.0720076747010355,0,0,0,0,0,0,0,0,0,0.28411787140103
0,0.0616044261707157,0,0,0,0,0,0,0,0,0.110472375869722,0,0,0,0,0,0,0,0,0,0,0,0,0.146695949145184,0.0755276202533814,0,0,0,0,0.219461196886836,0,0,0,0.0826048975736235,0,0,0,0,0,0,0,0,0,0,0,0,0,0,0,0,0,0,0,0,0,0,0.0644545169536092,0,0,0,0,0,0,0,0,0,0,0.239179017146929
0,0,0,0,0,0,0.0739355012266303,0,0,0,0.201478231871049,0,0,0,0,0.149789759079661,0,0,0,0,0,0,0,0,0,0,0,0,0,0,0,0,0,0,0,0,0.101095677009432,0,0,0.271555726377711,0,0,0,0,0,0,0,0,0,0,0,0,0,0,0,0,0,0,0,0,0,0,0,0,0,0.0871555307152463,0,0.11498957372027
0,0,0,0,0,0,0,0,0,0,0,0,0,0,0,0,0,0,0,0,0,0,0,0,0,0,0,0,0,0,0,0,0,0,0,0,0,0,0,0.210191557183983,0,0,0,0,0,0,0,0,0,0,0,0,0,0,0.154976686814713,0,0,0,0,0.0648626217812711,0,0,0.167416071956205,0,0,0,0,0.402553062263828
0,0,0,0,0,0,0,0,0,0,0.162444268977421,0,0,0,0,0,0.123518184631299,0,0,0,0,0,0,0,0,0,0.0680694235216495,0,0,0,0,0,0,0,0,0,0.180179963126559,0,0,0,0,0,0,0.0802620565779464,0,0,0,0,0,0,0,0,0,0,0.165321315051189,0,0,0,0,0,0,0,0,0,0,0,0,0.220204788113937
0,0,0,0,0,0,0,0,0,0,0,0,0,0,0,0,0,0,0,0,0,0,0,0,0,0,0,0,0.0741208347084098,0.231000501916504,0,0,0,0,0,0,0,0,0,0,0,0,0,0.183942405778448,0,0,0,0,0,0,0,0,0,0,0.134366541776254,0,0,0,0,0,0,0,0,0,0,0,0,0.376569715820384
0,0,0,0,0,0,0.116389318986272,0,0,0,0,0,0,0,0,0,0.081140119751777,0,0,0,0,0,0.0631859767158423,0,0,0,0.099822731611958,0,0,0.202116601273854,0,0,0,0,0,0,0,0,0,0,0,0,0,0,0,0,0,0,0.137416895356185,0,0,0,0,0,0,0,0,0,0,0,0,0,0,0,0,0,0,0.299928356304111
0,0,0,0,0,0,0,0,0,0,0.267764411989264,0,0,0,0,0,0.0987768851975232,0,0,0,0,0,0,0,0,0,0,0,0,0,0,0,0,0,0,0,0,0,0,0,0,0,0,0.191494152067325,0,0,0,0,0,0,0,0,0,0,0,0,0,0,0,0,0,0,0,0,0,0,0,0.441964550745888
0,0,0,0,0,0,0,0,0,0,0,0,0,0,0,0,0.11240596598015,0,0,0,0,0,0,0,0,0,0.107670126790112,0,0,0.0704045470045074,0,0,0,0,0,0,0,0,0,0,0,0,0,0,0,0,0.0619845531945005,0,0.113854826774665,0,0,0,0,0,0,0,0,0,0,0,0,0,0.158118554523893,0,0,0,0,0.375561425732173
0,0.0799445073835491,0,0,0,0,0,0,0,0,0,0,0,0.077734225618771,0,0,0.124474466800195,0,0,0,0,0,0,0,0.0833317436302254,0,0,0,0,0,0,0,0,0,0,0,0,0,0,0.251610186742752,0,0,0,0.100064490947601,0,0,0,0,0,0,0,0,0,0,0,0,0,0,0,0,0,0,0,0,0,0,0,0.282840378876907
0,0,0,0,0,0,0,0.0662401063925064,0,0,0,0,0,0,0,0,0.0728939885204919,0,0,0,0,0,0,0,0,0,0,0,0,0,0,0,0,0,0,0,0.083955054589248,0,0,0.159519678545164,0,0,0,0.21021651062459,0,0,0,0,0,0,0,0,0,0,0,0,0,0,0,0,0,0,0.195013966796539,0.103486961808913,0,0,0,0.108673732722548
0.0637451347739686,0,0,0,0,0,0,0,0,0,0,0,0,0,0,0,0,0,0,0,0,0,0,0,0,0,0,0,0,0,0,0,0,0,0,0,0,0,0,0.151881375197971,0,0,0,0,0,0.105816999163683,0,0,0,0,0,0,0,0,0.223090427345157,0,0,0.199859380294443,0,0,0,0,0,0,0,0,0,0.255606683224778
0,0,0,0,0,0.126023722313816,0,0,0,0,0,0,0,0,0,0,0,0,0,0,0,0,0,0,0,0,0,0,0,0.252507158602139,0,0,0,0,0,0,0,0,0,0.117690409669655,0,0,0,0,0,0,0,0,0,0,0,0,0,0,0,0,0,0,0,0,0.0744927768796616,0,0,0,0,0,0,0.429285932534729
0,0,0.127889869518658,0,0,0.0936909525968276,0,0,0,0,0,0,0,0,0,0,0,0,0,0,0,0,0,0,0,0,0,0,0,0,0,0,0,0.0818709151905438,0,0,0,0,0,0,0,0,0,0.314696484347495,0,0,0,0,0,0,0,0,0,0,0,0,0,0,0,0.0691611797432612,0,0,0,0,0,0,0,0.312690598603214
0,0.0625110500544853,0,0,0,0.0772735291464356,0,0,0,0,0,0,0,0,0,0,0,0,0,0,0,0,0.0644540887380789,0.0933076689252106,0,0,0,0,0,0,0,0,0,0,0,0,0,0,0,0,0,0,0,0.393973942864832,0,0,0,0,0,0,0,0,0,0,0,0,0,0,0,0,0,0,0.128907105995264,0.0886868570424677,0,0,0,0.0908857572332258
0,0,0,0.109278041735431,0,0,0,0,0,0,0.4011629952351,0,0,0,0,0,0.0622035851146637,0,0.0607474365845067,0.0783541461091122,0,0,0,0,0,0,0,0,0,0,0,0,0,0,0,0,0,0,0,0,0,0,0,0,0,0,0,0,0,0,0,0,0,0,0.104387578213985,0.0672970789315056,0,0,0,0,0,0,0,0,0,0,0,0.116569138075696
0,0,0,0,0,0,0,0,0.174259375250251,0,0,0,0,0,0,0,0,0,0,0,0,0,0,0,0,0,0,0,0.115608729704591,0,0,0,0,0,0,0,0,0,0,0,0,0.0851151254770897,0,0.28421599223649,0,0,0,0,0,0,0,0,0,0,0,0.166439817557282,0,0,0,0,0,0,0,0,0,0,0,0.174360959774296
0,0,0.200321825432113,0.20437749637521,0,0,0,0,0,0.0657381921485755,0.183171092485047,0,0,0,0,0,0,0,0,0.0858668726941629,0,0,0,0,0.0815612355869182,0,0,0,0,0,0,0.0601116213601788,0,0,0,0,0,0,0,0,0,0,0,0,0,0,0,0,0,0,0,0,0,0,0,0,0,0,0,0,0,0,0,0,0,0,0,0.118851663917795
0,0,0,0,0,0,0,0,0,0,0,0,0,0,0,0,0,0,0,0,0,0,0,0,0,0,0.101347505046449,0,0,0.069336751540016,0,0,0,0.119862616973718,0,0,0,0,0,0,0,0,0,0.0953127842980874,0,0,0,0,0,0,0,0,0,0,0.0935127987678638,0,0,0,0,0,0,0,0.0873873647279136,0,0,0,0,0.433240178645952
0,0,0,0,0,0,0,0,0.115730767518522,0,0.231004895095667,0,0,0,0,0,0,0,0,0,0,0,0,0.160111399646116,0,0,0,0,0,0,0,0,0,0,0,0,0,0,0.0774322957290296,0,0,0,0,0,0,0,0,0,0,0,0,0,0,0,0.216235281077383,0.0858909033942185,0,0,0,0,0,0,0,0,0,0,0,0.113594457539064
0,0.0830294625639741,0,0,0,0,0,0,0,0,0.170546365495879,0,0,0,0,0,0.158858791938751,0,0.0872443969106262,0,0,0,0,0,0,0,0.10448116651666,0,0,0,0,0,0,0,0,0.105473804957638,0,0,0,0,0,0,0,0,0,0,0,0,0,0,0,0,0,0,0,0,0,0,0,0,0,0,0,0,0,0,0,0.290366011616471
0,0,0,0,0,0,0,0,0.0896872366109893,0,0.412595816713782,0,0,0,0,0,0,0,0,0,0,0,0,0,0,0,0,0,0,0,0,0,0,0,0,0,0,0,0,0,0,0,0,0.0689072774673207,0,0,0,0,0,0,0,0,0,0,0,0,0,0,0,0,0,0,0.082938467490494,0,0,0,0,0.345871201717414
0,0,0,0,0,0,0,0,0,0.0861279268125889,0,0,0,0,0,0,0,0,0,0,0,0,0,0,0,0,0.142215125404539,0,0,0,0,0,0,0,0,0,0,0,0,0,0,0,0.0850756554567926,0,0.307666608218255,0,0,0,0,0,0,0,0,0,0,0.152105616811755,0,0,0,0,0,0,0,0,0,0,0,0.226809067296069
0,0,0,0,0,0,0,0,0,0,0,0,0,0,0,0,0.109739450672738,0,0,0.0601936532220743,0,0,0,0,0,0,0.063242897040769,0,0,0,0,0,0,0,0.110513039802152,0,0,0,0,0.077525032183476,0,0,0,0.177660810558272,0,0,0.18192880339003,0,0,0,0,0,0,0,0,0,0,0,0,0,0,0,0,0,0,0,0,0.219196313130488
0.115614166218357,0,0,0,0,0,0,0,0,0,0,0,0,0,0,0,0.204030450954126,0,0,0,0,0,0,0,0,0,0,0,0.166558845347688,0,0,0,0,0,0,0,0.106834888309243,0,0,0,0,0,0,0,0,0,0.149280613527857,0,0,0,0,0,0,0,0,0.0810051696466322,0,0,0,0,0,0,0,0,0,0,0,0.176675865996096
0,0,0,0,0,0,0,0,0,0,0.275476400951306,0,0,0,0,0,0,0,0,0,0,0,0,0,0,0,0,0,0,0,0,0,0,0.0682038403253116,0,0,0,0,0,0,0,0,0,0,0,0,0,0,0,0,0,0,0,0,0.312527145154652,0,0,0,0,0,0,0.168127892784786,0,0,0,0,0,0.175664720783945
0,0,0,0,0,0,0,0,0,0,0,0,0,0,0,0,0,0,0,0.0609052520019974,0,0,0,0,0,0,0,0,0.0616085374909035,0,0,0,0,0.148615168184791,0,0,0,0,0,0,0,0,0,0,0,0,0,0,0,0,0,0.180787422218401,0,0,0,0.17384572315782,0,0,0,0,0,0,0,0,0,0,0,0.374237896946087
0,0,0,0,0,0,0,0,0,0,0,0,0,0,0,0,0,0,0,0,0,0,0,0,0,0,0,0,0,0,0,0,0,0,0,0,0,0,0,0,0.138858283837016,0,0,0.174639255014408,0,0,0,0,0,0,0,0,0,0,0.0648851850930742,0,0,0.101961681262887,0,0,0,0,0.331903373330283,0,0,0,0,0.187752221462333
0,0,0,0,0,0,0,0,0,0,0.162777591329494,0,0,0,0,0,0,0,0,0,0,0,0,0,0,0,0,0,0,0.229864592941976,0,0,0,0,0,0,0,0,0,0,0,0,0,0,0.191690565903957,0,0,0,0,0,0,0,0,0,0,0,0,0,0,0,0,0,0,0,0,0,0,0.415667249824573
0,0,0,0,0,0,0,0,0,0,0,0,0,0,0,0,0.0861599090889932,0.0701034606666203,0,0,0,0,0,0,0.159679155370336,0,0,0,0,0,0,0,0,0,0,0.150216695945696,0,0,0.10330954316802,0,0,0,0,0,0,0,0,0,0,0,0,0,0,0,0.192515103853386,0,0,0,0,0,0,0,0,0,0,0,0,0.238016131906949
0.0716032788777743,0,0,0,0,0,0.061080821136171,0,0.0929587057151431,0,0.067923658787471,0,0,0,0,0,0.15327972507531,0,0,0,0,0,0,0.0772033302662892,0,0,0,0,0.118008310767229,0,0,0,0,0,0,0,0,0,0,0.0834222183728523,0,0,0,0,0,0,0,0,0,0,0,0,0,0,0,0,0,0,0,0,0,0,0,0,0,0,0,0.27451995100176
0,0,0,0,0,0,0,0,0.223225320989654,0,0.0760156298446238,0,0,0,0,0,0,0,0,0,0,0,0,0,0,0,0.0723069001731195,0,0,0.157276871619977,0,0,0,0,0,0,0,0,0,0.112036929396185,0,0,0,0,0,0,0.0988722061146674,0,0,0,0,0,0,0,0,0,0,0,0,0,0,0,0,0,0,0.0698939428506749,0,0.190372199011099
0,0,0,0,0,0,0,0,0,0,0,0,0,0,0,0,0,0,0,0,0,0,0,0,0,0,0,0,0,0.42153983170789,0,0,0,0,0,0,0,0,0,0.219508998413609,0,0,0,0,0,0,0,0,0,0,0,0,0,0,0.12923632255434,0,0,0,0,0,0,0,0,0,0,0,0,0.229714847324161
0.0900799293806526,0.142663910500828,0,0,0,0,0,0,0.0740981797716869,0,0.123453772622704,0,0,0,0,0,0,0,0.120394318060058,0,0,0,0,0,0,0,0,0.0912020969068301,0.17062702078998,0,0,0,0,0.0733461803395682,0,0,0,0,0,0,0,0,0,0,0,0,0,0,0,0,0,0,0,0,0,0,0,0,0,0,0,0,0,0,0,0,0,0.114134591627692
0,0,0,0,0,0.0714945690294877,0,0,0,0,0,0,0,0,0,0,0.158204425088814,0,0,0,0,0,0,0,0,0,0,0,0.218779233656664,0,0,0,0,0,0,0,0,0,0,0.124051670925524,0,0,0,0,0,0,0,0,0,0,0,0,0,0,0.165041878972944,0,0,0,0,0,0,0,0,0,0,0,0,0.262428222326565
0,0,0,0.265262450747668,0,0,0,0,0.0660575089636231,0,0.0761832272332599,0,0,0,0,0,0.0647681120191248,0,0,0,0,0,0,0.194932025761046,0,0,0,0,0,0,0,0,0,0,0,0,0,0,0,0,0,0,0,0,0,0,0,0,0,0,0,0,0,0,0,0.203510923817497,0,0,0,0,0,0,0,0,0,0,0,0.129285751457781
0,0,0.27384880864822,0,0,0,0,0,0,0,0,0,0,0,0,0,0,0,0,0,0,0,0,0.216378142118893,0,0,0,0,0,0,0,0,0,0,0,0,0,0,0,0,0,0,0,0,0,0,0,0,0.195172833208279,0,0,0,0,0,0,0,0,0,0,0,0,0,0,0,0,0.0720664505825115,0,0.242533765442097
0,0,0,0,0,0,0,0,0.128565705327969,0,0,0,0,0,0,0,0,0,0,0,0,0,0,0,0,0,0.0619963010653795,0,0.0832045318025208,0,0,0,0,0,0,0.0939156931095483,0.203983566910646,0,0,0,0,0,0,0,0,0,0,0,0,0,0,0,0,0,0,0,0,0,0,0.0920208375970501,0,0,0,0.0709867314372222,0,0,0,0.265326632749665
0,0,0,0,0,0,0,0,0,0.0673501399272736,0,0,0,0,0,0,0.0968366625270612,0,0.16673473823605,0.0749837426408062,0,0,0,0,0,0,0.0944396330803942,0,0,0,0,0,0,0,0,0,0,0,0,0.131159343707916,0,0,0,0,0,0,0,0,0,0,0,0,0,0,0.24404341280452,0,0,0,0,0,0,0,0,0,0,0,0,0.12445232707598
0.0684759516060824,0.134994384442353,0,0,0,0,0,0,0,0,0,0,0,0,0,0,0,0,0,0,0,0,0,0,0,0,0,0,0,0,0,0,0,0,0,0,0,0,0,0.161438741062756,0,0,0,0,0,0,0,0,0,0,0,0,0,0,0.0601980253426582,0,0,0,0,0,0,0,0.355103328506195,0,0,0,0,0.219789569039955
0,0,0,0,0,0.186212897535946,0,0,0,0,0,0,0,0,0.0849632476665296,0,0,0,0,0,0,0,0,0,0,0,0,0,0,0,0,0,0,0.0700215940700407,0,0,0,0,0,0.278215360232369,0,0,0,0.16708012897134,0,0,0,0,0,0,0.0727621654020936,0,0,0,0.0749699964595324,0,0,0,0,0,0,0,0,0,0,0,0,0.0657746096621484
0.0998906099530354,0,0,0,0,0,0,0,0,0,0,0,0,0,0.0813801704132562,0,0.0777752248815322,0,0,0,0,0,0,0,0,0,0.0665856522640052,0,0,0,0,0,0,0,0,0,0,0,0,0.0885385616437806,0,0,0,0.276047932277566,0,0,0,0,0,0,0,0,0,0,0,0,0,0,0,0,0,0,0.162140221720959,0,0,0,0,0.147641626845865
0,0.074845433230241,0,0,0,0,0,0,0,0,0.262602227401213,0,0,0,0,0,0.0846562336903017,0,0,0,0,0,0,0.0913060809894899,0,0,0,0,0,0,0,0,0,0,0,0,0,0,0,0,0,0,0,0,0,0,0,0,0,0,0,0,0,0,0.235706600605409,0,0,0,0,0,0,0,0,0,0,0,0,0.250883424083346
0,0,0,0,0,0,0,0.0623129016948929,0,0,0,0,0,0,0,0,0,0,0.134091318802006,0.0792789271920221,0,0,0,0,0,0,0,0,0.381743855528115,0,0,0,0,0,0,0,0,0,0,0.0948289945657622,0,0,0,0,0,0,0,0,0,0,0,0,0,0,0,0,0,0,0,0,0,0,0,0,0,0,0,0.247744002217201
0,0,0,0,0,0,0,0,0,0,0,0,0,0,0,0,0,0,0,0,0,0,0,0,0,0,0,0,0.171390998626568,0,0,0,0,0,0,0,0,0,0,0,0,0,0,0.397423782536219,0,0,0.178312739707279,0,0,0,0.101612185725108,0,0,0,0,0,0,0,0,0,0,0,0,0,0,0,0,0.151260293404825
0,0,0,0,0,0,0,0,0,0,0,0,0,0,0,0,0,0,0,0,0,0,0.174364601811584,0,0,0,0,0,0,0,0,0,0.0817637134086905,0,0,0.219831051539295,0,0,0,0,0,0,0,0.154952416694911,0,0.0977302362313909,0,0,0,0,0,0,0,0,0.108249285926356,0,0,0,0,0,0,0,0,0,0,0,0,0.163108694387772
0,0,0,0,0,0.136546912641374,0,0,0,0,0.0721635003330764,0,0,0,0,0,0,0,0,0,0,0,0,0.0603793019147944,0,0,0.0825079195163979,0,0,0,0,0,0,0,0.136857027419999,0,0,0,0,0.174404839543891,0,0,0,0,0,0,0,0,0,0,0,0,0,0,0.0618588544650636,0,0,0,0,0,0,0,0,0,0,0,0,0.275281644165405
0,0,0,0,0,0,0,0,0,0.0738024599103014,0,0,0.122239447656394,0,0,0,0,0,0,0.0804539760294018,0,0,0,0,0,0,0,0,0,0,0,0.08913491268339,0,0,0,0,0,0,0,0.354661425148545,0,0,0,0,0,0,0,0,0,0,0,0,0,0,0.108814493230997,0,0,0,0,0,0,0,0,0,0,0,0,0.170893285340971
0.129717891931691,0,0,0,0,0,0.0976446841451071,0,0,0,0,0,0,0,0,0,0,0,0,0,0,0,0,0.113264600392735,0,0,0.091921024402628,0,0,0,0,0,0,0,0,0,0.12000051216101,0,0,0.12484499268724,0,0,0,0.125056720229742,0,0,0,0,0,0,0,0,0,0,0,0,0,0.0650815191158939,0,0,0,0,0,0,0,0,0,0.132468054933953
0,0,0.170586111766878,0,0,0.0787289763592396,0,0.0845998323856437,0,0,0.0979059013308858,0,0,0,0,0,0,0.0765897138847818,0,0,0,0,0,0,0,0,0,0,0,0,0,0,0,0.131533119764929,0,0,0,0,0,0.100417700495538,0,0,0,0,0,0,0,0,0,0,0,0,0,0,0.0756737316028462,0,0,0,0,0,0,0,0,0,0,0,0,0.183964912409258
0,0,0,0,0,0,0,0,0.0765355533323257,0,0.185864590872307,0,0,0,0,0,0,0,0,0,0,0,0,0,0,0,0,0,0,0,0,0,0,0.127934248967749,0,0,0,0,0,0,0,0,0,0.182797306036203,0,0,0.134149517393131,0,0,0,0,0,0,0,0.192037431981076,0,0,0,0,0,0,0,0,0,0,0,0,0.100681351417208
0,0.0891776367436682,0,0,0,0,0,0,0,0,0,0,0,0,0,0,0.0802405028771261,0,0.104575729843744,0,0,0,0,0.0730837557983641,0,0,0,0,0,0,0,0,0,0,0,0,0,0,0,0,0,0,0,0.476553494506181,0,0,0,0,0,0,0,0,0,0,0,0,0,0,0,0,0,0,0,0,0,0,0,0.176368880230917
0,0,0,0,0,0,0,0,0,0,0.205338568984732,0,0,0,0,0,0,0,0,0,0,0,0,0,0,0,0,0,0,0,0,0,0.061794487341796,0,0,0,0,0,0,0.304332569518162,0,0,0,0.245912740699581,0,0,0,0,0,0,0,0,0,0,0,0,0,0,0,0,0,0,0,0,0,0,0,0.18262163345573
0,0,0,0,0,0,0,0,0,0.121562816545771,0.163607441591668,0,0,0.141729662849755,0,0,0,0,0,0,0,0,0.0674991617880657,0,0,0,0,0,0,0,0,0,0,0,0,0,0,0,0,0,0,0,0,0,0,0,0,0,0,0,0,0,0,0,0,0,0.0784289103467635,0,0,0.0756272519401155,0,0,0.182906531421607,0,0,0,0,0.168638223516254
0,0.109059918963632,0,0,0,0,0,0,0,0,0.311105591491588,0,0,0,0,0,0,0,0,0,0,0,0,0,0,0,0,0,0,0,0,0,0,0,0,0,0,0,0,0,0,0,0,0,0,0,0,0,0,0,0,0,0,0,0.0773556452622655,0,0,0,0.106925471340703,0,0,0,0,0,0,0.183733020002639,0,0.211820352939173
0,0.196181779591306,0,0,0,0,0,0,0,0,0.173889678627441,0,0,0,0,0,0,0,0,0,0,0,0,0,0.0966467648244458,0,0,0,0,0,0,0,0,0,0,0,0,0,0,0.149715987800903,0,0,0.118700025917861,0,0,0,0,0,0,0,0,0,0,0,0,0.151640436323611,0,0,0,0,0,0,0,0,0,0,0,0.113225326914432
0,0,0,0,0,0,0,0,0,0,0.124094508096176,0,0,0,0,0,0.0903711730171943,0,0,0,0,0,0,0,0,0,0.0813852989326355,0,0,0,0,0,0,0,0,0,0,0,0,0,0,0,0,0.326066663896316,0,0,0,0,0,0,0,0,0,0,0,0,0,0,0,0,0,0,0,0,0,0,0,0.378082356057678
0.141641113422946,0.136296265993105,0,0,0.0811493641526507,0,0,0,0,0,0,0,0,0,0,0,0.127981710199415,0,0.0841618290847559,0,0,0,0,0,0,0,0,0,0,0,0,0,0,0,0,0,0.0620327615455501,0,0,0.193161971762238,0,0,0,0.0854576110344584,0,0,0,0,0,0,0,0,0,0,0,0,0,0,0,0,0,0,0,0,0,0,0,0.0881173728048799
0,0.0794004694522304,0,0.0643133176956436,0,0.0687136784337432,0,0,0,0,0,0,0,0,0,0,0.267543143431714,0,0,0,0,0,0,0,0,0,0,0,0,0,0,0,0,0,0,0,0,0,0,0,0,0,0,0.0886672727295396,0,0,0,0,0,0,0,0,0,0,0.115302477730076,0,0,0,0,0,0,0,0,0,0,0,0,0.316059640527054
0,0,0,0,0,0,0,0,0,0,0,0,0,0,0,0,0,0,0,0,0.0755233079395084,0,0,0,0,0.0646707514099774,0.0681934011237252,0,0.0633585929279411,0,0,0.0728517605772671,0,0,0,0,0,0,0,0.149916138993638,0,0,0,0.0884506715847014,0,0,0.164510917249968,0,0,0,0,0,0,0,0,0,0,0.119000783537237,0,0,0,0,0,0,0,0,0,0.133523674656036
0,0,0,0,0,0.109667096596201,0,0,0,0,0.0600288191555704,0,0,0,0,0,0.0856556150642924,0,0,0,0,0,0,0,0,0,0.129123019576706,0,0,0,0,0,0,0,0,0.173118331768843,0,0,0,0,0,0,0,0,0,0,0,0,0,0,0,0,0,0,0.232049528077091,0,0,0,0,0,0,0,0,0,0,0,0,0.210357589761297
0,0.117548239917985,0,0,0,0.0935508452830548,0,0,0,0,0,0,0,0,0,0,0,0,0,0,0,0,0,0,0,0,0,0,0,0,0,0,0,0,0,0,0,0.145508320387159,0,0.182851204792757,0,0,0,0.0662399820562724,0,0.0848731490950109,0,0,0,0,0.107379654766708,0,0,0,0,0,0,0,0,0,0,0,0,0,0,0.0609798308272507,0,0.141068772873802
0,0,0,0,0,0.0709174051401618,0.0999194805916881,0,0,0,0,0,0,0,0,0,0,0,0,0,0,0,0,0,0,0,0,0,0,0,0,0,0,0.229952387893951,0,0,0,0,0,0,0,0,0,0.0933845891948392,0,0,0,0,0,0,0.231749306959185,0,0,0,0.0638180562499054,0.0687958199945699,0,0,0,0,0,0,0,0,0,0,0,0.1414629539757
0,0.0683318875677838,0,0,0,0,0,0,0,0,0,0,0.0625850913482526,0,0,0,0,0,0,0,0,0,0,0,0,0.0629824496439328,0,0,0,0,0,0,0,0,0,0,0,0,0.0696382631987976,0,0,0,0,0,0,0,0,0,0,0,0,0,0,0,0.131362568339862,0,0,0.0818109839863785,0,0,0,0,0.177603123307714,0,0,0.10292656360284,0,0.242759069004439
0,0,0,0,0,0,0,0,0,0,0,0,0,0,0,0,0,0,0,0.0837656112284652,0,0,0,0,0,0,0,0,0,0,0,0,0.0741879411956695,0,0,0,0,0,0,0.282725624362362,0,0,0,0,0,0,0,0,0,0,0,0,0,0,0.221845469109022,0,0,0,0,0,0,0,0,0.0823452304672556,0,0,0,0.255130123637226
0,0,0,0,0,0,0,0,0,0.128849086255563,0,0,0,0,0,0,0.169139065435847,0,0,0,0,0,0,0,0.125776192483895,0,0.0850916614269851,0,0,0,0.123355137630278,0,0,0,0,0.13282803160545,0,0,0,0,0,0,0,0,0,0,0,0,0,0,0,0,0,0,0,0,0,0,0,0,0,0,0,0.121501182602118,0,0,0,0.113459642559864
0,0.184538380478899,0,0,0,0,0.130322714457958,0,0,0,0,0,0,0,0,0,0.255238831589929,0,0,0,0,0,0,0,0,0,0,0,0,0,0,0,0,0,0,0,0,0,0,0,0,0,0,0,0,0,0,0,0,0,0,0,0,0,0,0,0,0.0754605351393715,0,0,0,0,0.208030736372835,0,0,0,0,0.146408801961007
0,0,0.146723306672977,0.331219234717095,0,0,0,0,0,0,0,0,0,0,0,0,0,0,0,0,0,0,0,0.0689727770006251,0,0,0,0,0,0,0,0,0,0,0,0.390105244242429,0,0,0,0,0,0,0,0,0,0,0,0,0,0,0,0,0,0,0,0,0,0,0,0,0,0,0,0,0,0,0,0.0629794373668736
0,0.0815618339585846,0,0,0.0607854562446718,0,0.149015559040984,0,0,0,0.0722799561066501,0,0,0,0,0,0.168675049081851,0,0,0,0,0,0,0,0,0,0,0,0,0,0,0,0,0,0,0,0,0,0,0.0795516103003687,0,0,0,0,0,0,0,0,0,0,0,0,0,0,0,0,0,0,0,0,0,0,0,0,0,0,0,0.388130535266891
0,0.18764632770298,0,0,0,0,0,0,0,0,0,0,0,0,0,0,0.103281537054074,0,0,0,0,0,0,0,0,0,0,0,0,0,0,0,0,0,0,0,0,0,0,0.179088179056263,0,0,0,0,0,0,0.335869387161348,0,0,0,0,0,0,0,0,0,0,0,0,0,0,0,0,0,0,0,0,0.194114569025335
0,0,0,0,0,0,0,0,0,0,0,0,0,0,0,0,0,0,0,0,0,0,0,0,0,0,0,0,0,0,0,0,0,0,0.237448363230214,0,0,0,0,0,0,0,0,0.13716048708525,0,0,0,0,0,0,0.142133596425255,0,0,0,0,0.0767879044296043,0.0993114873830298,0,0,0,0,0,0.107398651488701,0.111828143618025,0,0,0,0.0879313663399214
0,0,0,0,0,0,0,0,0,0,0,0,0,0,0,0,0,0,0,0,0,0,0,0,0,0,0,0,0,0,0,0.19858315380716,0,0,0,0,0,0,0,0.155761438645986,0,0,0,0.163481695658178,0,0,0,0,0,0,0,0,0,0,0,0,0,0,0,0,0,0,0,0,0,0,0,0.482173711888676
0,0,0,0,0,0,0,0,0.105914277271006,0,0,0,0,0,0,0,0,0,0,0,0,0,0.159984148165646,0,0.188558740354365,0,0,0,0,0,0,0,0,0,0,0,0,0,0,0,0,0,0.0612553339711525,0,0.224288024964383,0,0,0,0,0.0726809527582305,0,0,0,0,0,0.104180265749709,0,0,0,0,0,0,0,0,0,0,0,0.0831382567655086
0.149727058904843,0,0,0,0,0,0,0,0,0,0,0,0,0,0,0,0,0,0,0,0,0,0,0,0,0,0,0,0.0982415494309817,0,0,0,0.0607601898100755,0,0,0.219405788372622,0,0,0,0.16976806620983,0,0,0,0,0,0,0,0,0,0,0,0,0,0,0,0,0,0,0,0,0,0,0,0,0,0,0,0.302097347271648
0.117528625336686,0,0,0,0,0.0958941892900389,0,0,0,0,0,0,0,0,0,0,0,0,0,0,0,0.0925139466638192,0,0.149295542193218,0,0,0.166064798522246,0,0,0,0,0,0,0,0,0,0,0,0,0.125975509979416,0,0,0,0,0,0,0,0,0,0,0,0,0,0,0,0,0,0,0,0,0,0,0,0,0,0,0,0.252727388014576
0.251486285954985,0,0,0,0,0,0,0.145236101448117,0,0,0,0,0,0,0,0,0,0,0.0609610280084375,0,0,0,0,0,0,0,0,0,0,0,0,0,0,0.0980319128282728,0,0,0,0,0,0,0,0,0,0.242001543663924,0,0,0,0,0,0,0,0,0,0,0,0,0,0,0,0,0,0,0,0,0,0,0,0.202283128096263
0,0,0,0,0,0.0770921422025882,0,0,0,0,0,0,0,0,0,0,0.111575735711761,0,0,0,0,0,0,0,0,0,0,0,0,0,0,0,0,0,0.109342684138015,0,0,0,0,0.0657679273728771,0,0,0,0.121900580836978,0,0,0,0,0.0828905494767512,0,0,0,0,0,0,0.164773235660029,0,0,0,0,0,0,0,0.0681103369903596,0,0,0,0.198546807610642
0,0,0,0,0,0,0,0,0,0,0.464721088767464,0,0,0,0,0,0,0,0.0768008595915291,0,0,0,0,0,0,0,0,0,0,0,0,0,0,0,0,0,0.108322403793917,0,0,0,0,0,0,0,0,0,0,0,0,0,0,0,0,0,0,0,0,0,0,0,0,0,0,0,0,0,0,0.35015564784709
0,0.078570591319812,0,0,0,0,0.0643384197128408,0,0,0,0.443610967011693,0,0,0,0,0,0,0,0,0,0,0,0,0,0,0,0,0,0,0,0,0,0,0,0,0,0,0,0,0,0,0,0,0.238492684573001,0,0.0747576228886203,0,0,0,0,0,0,0,0,0,0,0,0,0.0636613299063272,0,0,0,0,0,0,0,0,0.0365683845877061
0,0,0,0,0,0,0,0,0.0680649826490615,0,0,0,0,0,0,0,0,0,0,0,0,0,0,0,0,0,0.108345256728077,0,0,0,0,0,0,0,0,0,0,0,0,0.136521936977758,0,0,0,0.0894528697906813,0,0,0,0,0,0,0,0,0,0,0.0979442580315097,0,0,0,0,0,0,0,0.154615888056964,0.114411428036635,0,0,0,0.230643379729313
0,0.1265612951358,0,0,0,0.142030903133757,0,0,0,0,0,0,0,0,0,0,0,0,0,0,0,0,0,0,0,0,0,0,0,0,0,0,0,0,0,0,0.0847027385437684,0,0,0.081434799832349,0,0,0,0,0,0,0,0,0,0,0,0,0,0,0,0,0,0,0,0,0,0.15611964277333,0,0,0,0,0,0.409150620580996
0,0,0,0,0,0,0,0,0,0,0,0,0,0,0,0,0.097188846876971,0.0898730049672967,0,0,0,0,0,0,0,0,0.067813748194083,0,0,0,0,0,0,0,0,0.216892600374389,0.137035739617102,0,0,0,0,0,0,0.158421898925798,0,0,0,0,0,0,0,0,0,0,0,0,0,0,0,0,0,0,0,0,0,0,0,0.232774161044359
0,0,0,0,0,0,0,0,0,0,0,0,0,0,0,0,0,0,0,0,0,0,0,0,0,0,0,0,0,0.292604781850871,0,0,0,0,0,0.0811505096308476,0.122336766869209,0,0,0.113645457682813,0,0,0,0.0731132652967091,0,0,0,0,0,0,0,0,0,0,0,0,0,0,0,0,0,0,0,0,0,0,0,0.317149218669549
0,0,0.275414434011537,0,0,0,0,0,0,0,0,0,0,0,0,0,0.0701849412415822,0.0830404280382212,0,0,0,0,0,0,0,0,0,0,0,0.129120023390419,0,0,0,0,0,0,0,0,0,0.06508703091687,0,0,0,0,0,0,0,0,0,0,0.0922345886840655,0,0,0,0,0,0,0,0,0,0,0,0,0,0,0,0,0.284918553717305
0,0,0,0,0,0,0,0,0.0668137230645568,0,0.315735050327644,0,0,0,0,0,0,0,0,0,0,0,0,0,0,0,0,0,0.194558733363509,0,0,0.0851405996155438,0,0,0.0721727831628515,0,0,0,0,0,0,0,0,0,0,0,0,0,0,0,0,0,0,0,0,0,0,0,0,0,0,0,0.133456876471064,0,0,0,0,0.132122233994831
0,0,0,0,0,0,0,0,0.083500573298315,0,0.228964231656122,0,0,0,0,0,0,0,0,0.169422969763837,0,0,0,0,0,0.156535603511167,0,0,0,0,0,0,0,0,0,0,0,0,0,0,0,0,0,0,0,0,0,0,0,0,0,0,0,0,0.0662939434318172,0,0,0,0,0,0,0,0,0.073011736921336,0,0,0,0.222270941417405
0,0,0,0,0,0,0,0,0,0,0,0,0,0,0,0,0,0,0,0,0,0,0.118259729993609,0,0,0,0,0,0,0,0,0,0,0,0,0,0,0,0,0.125590801386746,0,0,0.0694815426898374,0.231636460985464,0,0,0,0,0.0621178912007309,0,0,0.0988665010298421,0,0,0,0.0706756542866858,0,0,0,0,0,0,0,0,0,0,0.0879641190887301,0.135407299338354
0,0,0,0,0,0,0,0,0,0,0.452544595035118,0,0,0,0,0,0,0,0,0,0,0,0,0,0,0,0.0600909865925318,0,0,0,0,0,0,0,0,0,0,0,0,0,0,0,0,0,0,0,0,0,0.100951597758225,0,0.107252263350419,0,0,0,0.100014991951783,0,0,0,0,0,0,0,0,0,0,0,0,0.179145565311923
0,0,0,0,0,0,0,0,0,0,0,0,0,0,0,0,0.160687179848388,0,0.0743249378972589,0.0656651601743212,0,0,0,0,0,0,0,0,0,0,0,0,0,0.105159634820358,0,0.0960997843963719,0,0,0.0656567107365427,0,0,0,0,0,0,0,0,0,0,0,0,0,0,0,0.0771880450298962,0,0,0.118105671482398,0,0,0,0,0,0,0,0,0,0.237112875614466
0,0.0964548765920729,0,0,0,0,0,0,0,0,0.315573708926608,0,0,0,0,0,0,0,0,0.0844281557860113,0,0,0,0,0,0,0,0,0,0.167564490799023,0,0,0,0,0,0,0,0,0,0,0,0,0,0,0,0,0,0,0,0,0,0,0,0,0,0,0,0,0,0,0,0,0,0,0,0.107671294569759,0,0.228307473326527
0,0,0,0,0,0,0,0,0,0,0,0,0,0,0,0,0,0,0,0.0649510160440235,0,0,0,0,0,0,0,0,0.136493087263266,0,0,0,0,0,0,0,0,0,0.0841825302043291,0.0843267264396733,0.0707973177051165,0,0,0.270658945888908,0,0,0,0,0,0,0,0,0,0,0,0,0,0,0,0,0,0,0.0782550228493482,0,0,0,0,0.210335353605335
0,0,0,0,0,0,0,0,0,0,0.195094484063166,0,0,0,0,0,0,0,0,0,0,0,0,0.0765948996427859,0,0,0,0,0,0,0,0,0,0,0,0,0,0,0,0.20210073121993,0,0,0,0.0848552898825309,0,0,0,0,0,0,0,0,0,0,0.092874883802181,0,0,0,0,0,0,0,0,0,0,0,0,0.348479711389406
0,0.095726964235046,0,0,0,0,0,0,0,0,0.0842526504312117,0,0,0,0,0,0,0.132707567358199,0,0.0759132731004541,0,0,0,0,0,0,0,0,0,0,0,0,0,0,0,0,0,0,0.0621007657075494,0,0,0.17020162943852,0,0,0,0,0.109867233694,0,0,0,0,0,0,0,0,0,0,0,0,0,0,0,0,0,0,0,0,0.26922991603502
0,0.135379615032001,0,0,0,0,0,0,0,0,0.0993712922200537,0,0,0,0,0,0,0,0,0,0,0,0,0,0,0,0.267629566228962,0,0,0.145766064396242,0,0,0,0,0,0,0,0,0,0,0,0,0.0711693337782562,0,0,0,0,0,0,0,0,0,0,0,0,0,0,0,0,0,0,0,0,0,0,0,0,0.280684128344486
0,0,0,0,0,0,0,0,0.0766335102515341,0,0,0,0,0,0,0,0.0658498210280696,0,0,0,0,0,0,0,0,0,0,0,0.209112235409923,0.138830493763489,0,0,0,0,0,0,0,0,0,0,0,0,0,0.0970070734607033,0.0905597316816449,0,0,0,0,0,0,0,0,0,0.0948549527303789,0,0,0,0,0,0,0,0,0,0,0,0,0.227152181674258
0,0,0,0,0,0,0,0,0,0,0,0,0.0659546280230839,0,0,0,0,0,0,0,0,0,0,0.0880049235221033,0,0,0,0,0,0,0,0.167978610838751,0,0,0,0,0,0,0,0.262409057543747,0,0,0,0.0988603620942534,0,0,0,0,0,0,0,0,0,0,0,0,0,0,0,0,0,0.0758175117832546,0,0,0,0,0,0.240974906194807
0,0,0,0,0,0.100529802808997,0.0674109021063456,0,0,0,0,0,0,0,0,0,0.0827528214225767,0,0,0,0,0,0,0,0,0,0,0,0,0,0,0,0,0.121990625768179,0.0792849350426793,0,0,0,0,0,0,0,0,0.161287595643612,0,0,0,0,0,0,0,0,0,0,0,0,0,0,0,0,0,0,0,0,0,0,0,0.38674331720761
